Timestamp,T1_checkin,T1_security,T1_cbp,T1_lounge,T1_boarding,T1_immigration,T1_baggage,T2_checkin,T2_security,T2_cbp,T2_lounge,T2_boarding,T2_immigration,T2_baggage
2026-03-31 05:00:00,0.0,0.0,0.0,0.0,0.0,0.0,0.0,0.0,0.0,0.0,0.0,0.0,0.0,0.0
2026-03-31 05:15:00,0.0,0.0,0.0,0.0,0.0,0.0,0.0,0.0,0.0,0.0,0.0,0.0,0.0,0.0
2026-03-31 05:30:00,5.0,0.0,0.0,0.0,0.0,0.0,0.0,0.0,0.0,0.0,0.0,0.0,0.0,0.0
2026-03-31 05:45:00,12.0,5.0,0.0,5.0,0.0,0.0,0.0,4.0,0.0,0.0,0.0,0.0,0.0,0.0
2026-03-31 06:00:00,43.0,12.0,0.0,17.0,0.0,0.0,0.0,9.0,4.0,0.0,4.0,0.0,0.0,0.0
2026-03-31 06:15:00,103.0,43.0,5.0,60.0,0.0,0.0,0.0,12.0,9.0,0.0,13.0,0.0,0.0,0.0
2026-03-31 06:30:00,218.0,103.0,11.0,163.0,0.0,0.0,0.0,43.0,12.0,4.0,25.0,0.0,0.0,0.0
2026-03-31 06:45:00,325.0,218.0,16.0,381.0,0.0,0.0,0.0,106.0,43.0,9.0,69.0,0.0,0.0,0.0
2026-03-31 07:00:00,400.0,325.0,22.0,706.0,0.0,0.0,0.0,187.0,106.0,12.0,174.0,0.0,0.0,0.0
2026-03-31 07:15:00,384.0,400.0,38.0,1047.0,59.0,0.0,0.0,249.0,187.0,28.0,361.0,0.0,0.0,0.0
2026-03-31 07:30:00,425.0,384.0,49.0,1252.0,179.0,0.0,0.0,189.0,249.0,38.0,610.0,0.0,0.0,0.0
2026-03-31 07:45:00,441.0,425.0,58.0,1314.0,363.0,0.0,0.0,226.0,189.0,62.0,770.0,29.0,0.0,0.0
2026-03-31 08:00:00,438.0,441.0,58.0,1413.0,342.0,0.0,0.0,416.0,226.0,77.0,756.0,239.0,0.0,0.0
2026-03-31 08:15:00,406.0,438.0,40.0,1421.0,431.0,0.0,0.0,585.0,416.0,86.0,939.0,233.0,0.0,0.0
2026-03-31 08:30:00,444.0,406.0,40.0,1309.0,518.0,0.0,65.0,642.0,585.0,82.0,1488.0,36.0,79.0,14.0
2026-03-31 08:45:00,457.0,444.0,40.0,1283.0,470.0,0.0,116.0,372.0,642.0,103.0,2006.0,125.0,117.0,212.0
2026-03-31 09:00:00,432.0,457.0,22.0,1282.0,457.0,0.0,175.0,257.0,372.0,106.0,1900.0,478.0,169.0,282.0
2026-03-31 09:15:00,509.0,432.0,6.0,1234.0,480.0,0.0,195.0,253.0,257.0,101.0,1202.0,954.0,169.0,391.0
2026-03-31 09:30:00,486.0,509.0,24.0,1306.0,438.0,44.0,188.0,218.0,253.0,100.0,844.0,610.0,144.0,496.0
2026-03-31 09:45:00,536.0,486.0,34.0,1495.0,297.0,104.0,283.0,273.0,218.0,96.0,852.0,210.0,99.0,461.0
2026-03-31 10:00:00,705.0,536.0,46.0,1484.0,547.0,224.0,408.0,254.0,273.0,120.0,920.0,205.0,51.0,417.0
2026-03-31 10:15:00,718.0,705.0,65.0,1797.0,393.0,224.0,594.0,265.0,254.0,148.0,1082.0,92.0,121.0,398.0
2026-03-31 10:30:00,578.0,718.0,88.0,2232.0,283.0,185.0,677.0,288.0,265.0,142.0,947.0,399.0,130.0,387.0
2026-03-31 10:45:00,429.0,578.0,102.0,2286.0,524.0,124.0,682.0,341.0,288.0,112.0,923.0,312.0,183.0,347.0
2026-03-31 11:00:00,399.0,429.0,97.0,1851.0,863.0,7.0,577.0,435.0,341.0,115.0,975.0,288.0,276.0,372.0
2026-03-31 11:15:00,524.0,399.0,57.0,1388.0,861.0,0.0,451.0,493.0,435.0,114.0,1173.0,238.0,222.0,397.0
2026-03-31 11:30:00,568.0,524.0,36.0,1331.0,581.0,0.0,506.0,517.0,493.0,143.0,1543.0,124.0,184.0,353.0
2026-03-31 11:45:00,565.0,568.0,41.0,1593.0,305.0,0.0,486.0,430.0,517.0,180.0,1812.0,248.0,135.0,367.0
2026-03-31 12:00:00,387.0,565.0,36.0,1674.0,484.0,0.0,460.0,452.0,430.0,195.0,1786.0,456.0,105.0,389.0
2026-03-31 12:15:00,227.0,387.0,11.0,1487.0,575.0,0.0,444.0,501.0,452.0,185.0,1764.0,474.0,136.0,379.0
2026-03-31 12:30:00,382.0,227.0,0.0,1012.0,702.0,57.0,354.0,527.0,501.0,178.0,1761.0,503.0,133.0,448.0
2026-03-31 12:45:00,612.0,382.0,0.0,807.0,587.0,57.0,464.0,611.0,527.0,149.0,1657.0,631.0,133.0,468.0
2026-03-31 13:00:00,699.0,612.0,0.0,1217.0,202.0,57.0,592.0,553.0,611.0,116.0,1741.0,526.0,71.0,420.0
2026-03-31 13:15:00,627.0,699.0,0.0,1794.0,122.0,57.0,595.0,332.0,553.0,109.0,1953.0,341.0,27.0,431.0
2026-03-31 13:30:00,538.0,627.0,0.0,1998.0,423.0,4.0,626.0,340.0,332.0,104.0,1611.0,674.0,0.0,385.0
2026-03-31 13:45:00,464.0,538.0,0.0,1849.0,687.0,0.0,522.0,395.0,340.0,71.0,1123.0,828.0,0.0,298.0
2026-03-31 14:00:00,402.0,464.0,0.0,1572.0,740.0,0.0,447.0,337.0,395.0,48.0,1134.0,384.0,0.0,349.0
2026-03-31 14:15:00,262.0,402.0,0.0,1324.0,650.0,0.0,524.0,472.0,337.0,43.0,1098.0,373.0,0.0,311.0
2026-03-31 14:30:00,228.0,262.0,0.0,1086.0,500.0,0.0,517.0,499.0,472.0,67.0,1062.0,508.0,0.0,329.0
2026-03-31 14:45:00,350.0,228.0,0.0,771.0,543.0,0.0,432.0,405.0,499.0,67.0,1422.0,139.0,66.0,355.0
2026-03-31 15:00:00,506.0,350.0,0.0,719.0,402.0,0.0,452.0,390.0,405.0,93.0,1470.0,357.0,133.0,389.0
2026-03-31 15:15:00,530.0,506.0,0.0,1065.0,161.0,0.0,415.0,235.0,390.0,125.0,1389.0,471.0,133.0,514.0
2026-03-31 15:30:00,459.0,530.0,0.0,1472.0,123.0,0.0,397.0,124.0,235.0,158.0,1343.0,281.0,133.0,462.0
2026-03-31 15:45:00,398.0,459.0,0.0,1485.0,445.0,0.0,384.0,54.0,124.0,182.0,1100.0,367.0,71.0,404.0
2026-03-31 16:00:00,488.0,398.0,0.0,1253.0,630.0,0.0,394.0,107.0,54.0,170.0,620.0,533.0,4.0,365.0
2026-03-31 16:15:00,532.0,488.0,0.0,1229.0,513.0,0.0,394.0,145.0,107.0,80.0,210.0,517.0,0.0,209.0
2026-03-31 16:30:00,716.0,532.0,0.0,1355.0,405.0,0.0,350.0,161.0,145.0,0.0,324.0,31.0,0.0,172.0
2026-03-31 16:45:00,673.0,716.0,0.0,1672.0,399.0,3.0,420.0,163.0,161.0,0.0,424.0,61.0,0.0,151.0
2026-03-31 17:00:00,504.0,673.0,0.0,2035.0,310.0,47.0,443.0,272.0,163.0,0.0,443.0,144.0,0.0,99.0
2026-03-31 17:15:00,616.0,504.0,0.0,1842.0,698.0,47.0,444.0,312.0,272.0,0.0,550.0,165.0,0.0,115.0
2026-03-31 17:30:00,569.0,616.0,0.0,1653.0,804.0,47.0,502.0,305.0,312.0,9.0,769.0,93.0,0.0,100.0
2026-03-31 17:45:00,619.0,569.0,0.0,1757.0,466.0,47.0,485.0,216.0,305.0,13.0,904.0,171.0,0.0,156.0
2026-03-31 18:00:00,597.0,619.0,0.0,1730.0,646.0,19.0,476.0,159.0,216.0,19.0,829.0,291.0,0.0,140.0
2026-03-31 18:15:00,373.0,597.0,0.0,1793.0,534.0,47.0,511.0,125.0,159.0,25.0,640.0,348.0,0.0,183.0
2026-03-31 18:30:00,298.0,373.0,0.0,1598.0,567.0,47.0,508.0,71.0,125.0,32.0,509.0,257.0,0.0,282.0
2026-03-31 18:45:00,325.0,298.0,0.0,1124.0,771.0,47.0,557.0,85.0,71.0,38.0,418.0,162.0,0.0,287.0
2026-03-31 19:00:00,350.0,325.0,0.0,984.0,466.0,31.0,506.0,90.0,85.0,38.0,284.0,218.0,0.0,320.0
2026-03-31 19:15:00,373.0,350.0,0.0,994.0,339.0,0.0,504.0,33.0,90.0,20.0,253.0,121.0,0.0,288.0
2026-03-31 19:30:00,344.0,373.0,0.0,1032.0,335.0,0.0,486.0,10.0,33.0,0.0,231.0,56.0,0.0,187.0
2026-03-31 19:45:00,385.0,344.0,0.0,1054.0,321.0,0.0,453.0,28.0,10.0,0.0,93.0,148.0,0.0,156.0
2026-03-31 20:00:00,439.0,385.0,0.0,1064.0,375.0,0.0,385.0,83.0,28.0,0.0,38.0,83.0,0.0,186.0
2026-03-31 20:15:00,408.0,439.0,0.0,1211.0,291.0,0.0,334.0,124.0,83.0,0.0,121.0,0.0,0.0,146.0
2026-03-31 20:30:00,319.0,408.0,0.0,1291.0,329.0,0.0,324.0,115.0,124.0,0.0,245.0,0.0,0.0,206.0
2026-03-31 20:45:00,166.0,319.0,0.0,1148.0,461.0,28.0,387.0,90.0,115.0,0.0,331.0,29.0,0.0,221.0
2026-03-31 21:00:00,29.0,166.0,0.0,833.0,482.0,47.0,452.0,0.0,90.0,0.0,333.0,88.0,0.0,147.0
2026-03-31 21:15:00,61.0,29.0,0.0,380.0,482.0,47.0,392.0,0.0,0.0,0.0,183.0,150.0,0.0,141.0
2026-03-31 21:30:00,107.0,61.0,0.0,120.0,321.0,47.0,371.0,0.0,0.0,0.0,11.0,172.0,0.0,186.0
2026-03-31 21:45:00,93.0,107.0,0.0,208.0,19.0,22.0,417.0,0.0,0.0,0.0,0.0,11.0,0.0,129.0
2026-03-31 22:00:00,115.0,93.0,0.0,270.0,31.0,0.0,420.0,0.0,0.0,0.0,0.0,0.0,0.0,192.0
2026-03-31 22:15:00,58.0,115.0,0.0,293.0,93.0,0.0,450.0,0.0,0.0,0.0,0.0,0.0,0.0,216.0
2026-03-31 22:30:00,0.0,58.0,0.0,284.0,66.0,0.0,463.0,0.0,0.0,0.0,0.0,0.0,0.0,136.0
2026-03-31 22:45:00,0.0,0.0,0.0,134.0,150.0,0.0,401.0,0.0,0.0,0.0,0.0,0.0,0.0,173.0
2026-03-31 23:00:00,0.0,0.0,0.0,6.0,128.0,0.0,397.0,0.0,0.0,0.0,0.0,0.0,0.0,194.0
2026-03-31 23:15:00,0.0,0.0,0.0,0.0,6.0,0.0,402.0,0.0,0.0,0.0,0.0,0.0,0.0,232.0
2026-03-31 23:30:00,0.0,0.0,0.0,0.0,0.0,0.0,517.0,0.0,0.0,0.0,0.0,0.0,0.0,347.0
2026-03-31 23:45:00,0.0,0.0,0.0,0.0,0.0,0.0,449.0,0.0,0.0,0.0,0.0,0.0,0.0,370.0
2026-04-01 00:00:00,0.0,0.0,0.0,0.0,0.0,0.0,341.0,0.0,0.0,0.0,0.0,0.0,0.0,295.0
2026-04-01 00:15:00,10.0,0.0,0.0,0.0,0.0,0.0,416.0,0.0,0.0,0.0,0.0,0.0,0.0,208.0
2026-04-01 00:30:00,28.0,10.0,0.0,10.0,0.0,0.0,313.0,0.0,0.0,0.0,0.0,0.0,0.0,73.0
2026-04-01 00:45:00,48.0,28.0,0.0,38.0,0.0,0.0,450.0,0.0,0.0,0.0,0.0,0.0,0.0,26.0
2026-04-01 01:00:00,58.0,48.0,0.0,86.0,0.0,0.0,579.0,0.0,0.0,0.0,0.0,0.0,0.0,39.0
2026-04-01 01:15:00,9.0,58.0,0.0,144.0,0.0,0.0,551.0,0.0,0.0,0.0,0.0,0.0,0.0,117.0
2026-04-01 01:30:00,0.0,9.0,0.0,124.0,29.0,0.0,514.0,0.0,0.0,0.0,0.0,0.0,0.0,191.0
2026-04-01 01:45:00,4.0,0.0,0.0,35.0,88.0,0.0,409.0,0.0,0.0,0.0,0.0,0.0,0.0,167.0
2026-04-01 02:00:00,11.0,4.0,0.0,4.0,35.0,0.0,254.0,0.0,0.0,0.0,0.0,0.0,0.0,189.0
2026-04-01 02:15:00,20.0,11.0,0.0,15.0,0.0,0.0,164.0,0.0,0.0,0.0,0.0,0.0,0.0,122.0
2026-04-01 02:30:00,33.0,20.0,0.0,36.0,0.0,0.0,99.0,0.0,0.0,0.0,0.0,0.0,0.0,38.0
2026-04-01 02:45:00,17.0,33.0,0.0,68.0,0.0,0.0,20.0,0.0,0.0,0.0,0.0,0.0,0.0,38.0
2026-04-01 03:00:00,27.0,17.0,0.0,74.0,12.0,0.0,15.0,0.0,0.0,0.0,0.0,0.0,0.0,3.0
2026-04-01 03:15:00,41.0,27.0,0.0,65.0,35.0,0.0,5.0,0.0,0.0,0.0,0.0,0.0,0.0,0.0
2026-04-01 03:30:00,75.0,41.0,0.0,92.0,14.0,0.0,0.0,0.0,0.0,0.0,0.0,0.0,0.0,0.0
2026-04-01 03:45:00,268.0,75.0,0.0,167.0,0.0,0.0,0.0,0.0,0.0,0.0,0.0,0.0,0.0,0.0
2026-04-01 04:00:00,527.0,268.0,0.0,436.0,0.0,0.0,0.0,0.0,0.0,0.0,0.0,0.0,0.0,0.0
2026-04-01 04:15:00,888.0,527.0,0.0,963.0,0.0,0.0,0.0,83.0,0.0,0.0,0.0,0.0,0.0,0.0
2026-04-01 04:30:00,1032.0,888.0,0.0,1850.0,0.0,0.0,38.0,245.0,83.0,0.0,83.0,0.0,0.0,0.0
2026-04-01 04:45:00,780.0,1032.0,0.0,2733.0,149.0,88.0,51.0,509.0,245.0,0.0,327.0,0.0,0.0,0.0
2026-04-01 05:00:00,847.0,780.0,0.0,2827.0,686.0,148.0,165.0,774.0,509.0,0.0,836.0,0.0,0.0,0.0
2026-04-01 05:15:00,689.0,847.0,0.0,2468.0,1206.0,183.0,265.0,751.0,774.0,0.0,1611.0,0.0,22.0,0.0
2026-04-01 05:30:00,660.0,689.0,0.0,2311.0,846.0,227.0,274.0,750.0,751.0,0.0,2102.0,259.0,66.0,22.0
2026-04-01 05:45:00,671.0,660.0,0.0,2019.0,953.0,146.0,477.0,613.0,750.0,0.0,2162.0,690.0,66.0,66.0
2026-04-01 06:00:00,627.0,671.0,0.0,1967.0,723.0,88.0,368.0,410.0,613.0,0.0,2018.0,757.0,66.0,66.0
2026-04-01 06:15:00,521.0,627.0,0.0,2068.0,525.0,126.0,273.0,239.0,410.0,0.0,1623.0,805.0,49.0,66.0
2026-04-01 06:30:00,567.0,521.0,0.0,1833.0,756.0,104.0,300.0,95.0,239.0,4.0,1086.0,775.0,0.0,49.0
2026-04-01 06:45:00,449.0,567.0,0.0,1610.0,790.0,154.0,113.0,114.0,95.0,9.0,617.0,564.0,0.0,0.0
2026-04-01 07:00:00,329.0,449.0,8.0,1586.0,472.0,151.0,194.0,193.0,114.0,12.0,311.0,421.0,0.0,0.0
2026-04-01 07:15:00,347.0,329.0,23.0,1344.0,571.0,81.0,230.0,257.0,193.0,31.0,389.0,114.0,0.0,0.0
2026-04-01 07:30:00,394.0,347.0,32.0,1166.0,525.0,51.0,212.0,200.0,257.0,43.0,632.0,14.0,24.0,0.0
2026-04-01 07:45:00,349.0,394.0,44.0,1221.0,339.0,3.0,209.0,238.0,200.0,68.0,803.0,29.0,35.0,24.0
2026-04-01 08:00:00,309.0,349.0,58.0,1289.0,281.0,0.0,204.0,429.0,238.0,86.0,802.0,239.0,57.0,121.0
2026-04-01 08:15:00,309.0,309.0,71.0,1211.0,388.0,0.0,226.0,588.0,429.0,96.0,998.0,233.0,102.0,168.0
2026-04-01 08:30:00,281.0,309.0,78.0,1072.0,447.0,0.0,211.0,636.0,588.0,95.0,1549.0,36.0,163.0,226.0
2026-04-01 08:45:00,471.0,281.0,64.0,962.0,391.0,0.0,278.0,362.0,636.0,116.0,2035.0,150.0,193.0,390.0
2026-04-01 09:00:00,600.0,471.0,22.0,972.0,461.0,0.0,287.0,266.0,362.0,113.0,1882.0,516.0,247.0,358.0
2026-04-01 09:15:00,637.0,600.0,6.0,1361.0,212.0,0.0,298.0,296.0,266.0,101.0,1192.0,957.0,239.0,454.0
2026-04-01 09:30:00,623.0,637.0,24.0,1696.0,302.0,0.0,316.0,286.0,296.0,100.0,889.0,598.0,212.0,550.0
2026-04-01 09:45:00,451.0,623.0,34.0,1886.0,433.0,82.0,264.0,327.0,286.0,96.0,984.0,191.0,159.0,554.0
2026-04-01 10:00:00,599.0,451.0,46.0,1708.0,629.0,224.0,394.0,259.0,327.0,120.0,1096.0,215.0,95.0,511.0
2026-04-01 10:15:00,653.0,599.0,65.0,1552.0,755.0,224.0,565.0,246.0,259.0,154.0,1202.0,153.0,47.0,461.0
2026-04-01 10:30:00,640.0,653.0,98.0,1873.0,332.0,224.0,650.0,247.0,246.0,154.0,960.0,488.0,3.0,328.0
2026-04-01 10:45:00,638.0,640.0,116.0,2100.0,414.0,150.0,771.0,345.0,247.0,129.0,866.0,342.0,63.0,228.0
2026-04-01 11:00:00,503.0,638.0,116.0,2025.0,713.0,7.0,715.0,457.0,345.0,142.0,946.0,265.0,200.0,286.0
2026-04-01 11:15:00,451.0,503.0,82.0,1780.0,749.0,0.0,511.0,578.0,457.0,145.0,1250.0,154.0,212.0,365.0
2026-04-01 11:30:00,403.0,451.0,69.0,1593.0,638.0,0.0,490.0,593.0,578.0,190.0,1737.0,91.0,236.0,394.0
2026-04-01 11:45:00,380.0,403.0,79.0,1519.0,477.0,0.0,438.0,442.0,593.0,229.0,2132.0,197.0,183.0,449.0
2026-04-01 12:00:00,520.0,380.0,74.0,1234.0,665.0,0.0,399.0,349.0,442.0,233.0,2027.0,547.0,105.0,452.0
2026-04-01 12:15:00,502.0,520.0,31.0,1193.0,562.0,0.0,452.0,333.0,349.0,198.0,1759.0,617.0,92.0,406.0
2026-04-01 12:30:00,452.0,502.0,6.0,1523.0,172.0,0.0,463.0,330.0,333.0,186.0,1447.0,645.0,66.0,420.0
2026-04-01 12:45:00,546.0,452.0,12.0,1474.0,500.0,0.0,466.0,397.0,330.0,150.0,1199.0,578.0,66.0,429.0
2026-04-01 13:00:00,439.0,546.0,20.0,1458.0,562.0,0.0,428.0,416.0,397.0,120.0,1181.0,415.0,4.0,382.0
2026-04-01 13:15:00,316.0,439.0,36.0,1625.0,272.0,0.0,353.0,274.0,416.0,110.0,1308.0,289.0,0.0,370.0
2026-04-01 13:30:00,323.0,316.0,48.0,1359.0,582.0,57.0,401.0,290.0,274.0,89.0,1247.0,335.0,0.0,371.0
2026-04-01 13:45:00,351.0,323.0,61.0,1060.0,622.0,57.0,509.0,408.0,290.0,95.0,993.0,544.0,0.0,283.0
2026-04-01 14:00:00,446.0,351.0,72.0,1079.0,332.0,57.0,502.0,424.0,408.0,89.0,1088.0,313.0,0.0,334.0
2026-04-01 14:15:00,484.0,446.0,70.0,1193.0,331.0,57.0,477.0,455.0,424.0,95.0,1288.0,224.0,0.0,296.0
2026-04-01 14:30:00,591.0,484.0,49.0,1407.0,270.0,4.0,326.0,421.0,455.0,124.0,1420.0,323.0,0.0,301.0
2026-04-01 14:45:00,607.0,591.0,41.0,1505.0,493.0,0.0,182.0,361.0,421.0,119.0,1440.0,402.0,0.0,327.0
2026-04-01 15:00:00,441.0,607.0,12.0,1676.0,435.0,0.0,213.0,387.0,361.0,112.0,1288.0,512.0,66.0,282.0
2026-04-01 15:15:00,309.0,441.0,0.0,1652.0,465.0,0.0,263.0,307.0,387.0,130.0,1304.0,371.0,66.0,423.0
2026-04-01 15:30:00,406.0,309.0,0.0,1193.0,768.0,0.0,383.0,257.0,307.0,161.0,1403.0,208.0,86.0,406.0
2026-04-01 15:45:00,545.0,406.0,0.0,979.0,620.0,0.0,444.0,171.0,257.0,178.0,1303.0,357.0,127.0,387.0
2026-04-01 16:00:00,659.0,545.0,0.0,1261.0,263.0,0.0,479.0,247.0,171.0,152.0,945.0,529.0,65.0,411.0
2026-04-01 16:15:00,904.0,659.0,0.0,1575.0,345.0,0.0,444.0,333.0,247.0,77.0,573.0,619.0,61.0,248.0
2026-04-01 16:30:00,870.0,904.0,0.0,2053.0,426.0,0.0,491.0,350.0,333.0,0.0,727.0,179.0,44.0,187.0
2026-04-01 16:45:00,773.0,870.0,0.0,2489.0,434.0,0.0,440.0,286.0,350.0,0.0,946.0,131.0,0.0,167.0
2026-04-01 17:00:00,654.0,773.0,0.0,2466.0,796.0,47.0,344.0,294.0,286.0,0.0,972.0,261.0,0.0,125.0
2026-04-01 17:15:00,472.0,654.0,0.0,2215.0,906.0,47.0,447.0,341.0,294.0,0.0,870.0,395.0,0.0,115.0
2026-04-01 17:30:00,483.0,472.0,0.0,1821.0,867.0,47.0,458.0,323.0,341.0,9.0,909.0,301.0,0.0,185.0
2026-04-01 17:45:00,597.0,483.0,0.0,1468.0,835.0,47.0,539.0,200.0,323.0,13.0,1071.0,162.0,0.0,281.0
2026-04-01 18:00:00,597.0,597.0,0.0,1498.0,568.0,22.0,580.0,117.0,200.0,19.0,1016.0,254.0,0.0,273.0
2026-04-01 18:15:00,569.0,597.0,0.0,1702.0,393.0,47.0,653.0,109.0,117.0,25.0,647.0,485.0,0.0,316.0
2026-04-01 18:30:00,423.0,569.0,0.0,1743.0,528.0,47.0,691.0,107.0,109.0,32.0,395.0,361.0,0.0,310.0
2026-04-01 18:45:00,269.0,423.0,0.0,1602.0,565.0,47.0,584.0,67.0,107.0,38.0,423.0,80.0,0.0,231.0
2026-04-01 19:00:00,312.0,269.0,0.0,1249.0,621.0,31.0,571.0,71.0,67.0,38.0,337.0,153.0,0.0,226.0
2026-04-01 19:15:00,557.0,312.0,0.0,871.0,690.0,0.0,483.0,48.0,71.0,20.0,207.0,201.0,0.0,213.0
2026-04-01 19:30:00,690.0,557.0,0.0,1020.0,408.0,0.0,432.0,11.0,48.0,0.0,193.0,61.0,0.0,156.0
2026-04-01 19:45:00,511.0,690.0,0.0,1661.0,49.0,0.0,536.0,29.0,11.0,0.0,108.0,96.0,0.0,141.0
2026-04-01 20:00:00,188.0,511.0,0.0,1926.0,246.0,0.0,541.0,50.0,29.0,0.0,45.0,91.0,0.0,197.0
2026-04-01 20:15:00,204.0,188.0,0.0,1342.0,773.0,0.0,462.0,60.0,50.0,0.0,89.0,6.0,0.0,152.0
2026-04-01 20:30:00,287.0,204.0,0.0,674.0,872.0,0.0,331.0,9.0,60.0,0.0,149.0,0.0,0.0,148.0
2026-04-01 20:45:00,177.0,287.0,0.0,654.0,307.0,22.0,283.0,0.0,9.0,0.0,128.0,30.0,0.0,138.0
2026-04-01 21:00:00,9.0,177.0,0.0,732.0,99.0,47.0,394.0,0.0,0.0,0.0,36.0,91.0,0.0,57.0
2026-04-01 21:15:00,0.0,9.0,0.0,402.0,340.0,47.0,480.0,0.0,0.0,0.0,0.0,36.0,0.0,69.0
2026-04-01 21:30:00,0.0,0.0,0.0,49.0,352.0,47.0,472.0,0.0,0.0,0.0,0.0,0.0,0.0,125.0
2026-04-01 21:45:00,15.0,0.0,0.0,0.0,49.0,28.0,482.0,0.0,0.0,0.0,0.0,0.0,0.0,108.0
2026-04-01 22:00:00,69.0,15.0,0.0,15.0,0.0,0.0,438.0,0.0,0.0,0.0,0.0,0.0,0.0,171.0
2026-04-01 22:15:00,126.0,69.0,0.0,84.0,0.0,0.0,362.0,0.0,0.0,0.0,0.0,0.0,0.0,232.0
2026-04-01 22:30:00,175.0,126.0,0.0,210.0,0.0,0.0,468.0,0.0,0.0,0.0,0.0,0.0,0.0,303.0
2026-04-01 22:45:00,82.0,175.0,0.0,385.0,0.0,0.0,452.0,0.0,0.0,0.0,0.0,0.0,0.0,386.0
2026-04-01 23:00:00,0.0,82.0,0.0,436.0,31.0,0.0,373.0,0.0,0.0,0.0,0.0,0.0,0.0,407.0
2026-04-01 23:15:00,0.0,0.0,0.0,196.0,240.0,0.0,382.0,0.0,0.0,0.0,0.0,0.0,0.0,348.0
2026-04-01 23:30:00,0.0,0.0,0.0,6.0,190.0,0.0,341.0,0.0,0.0,0.0,0.0,0.0,0.0,262.0
2026-04-01 23:45:00,0.0,0.0,0.0,0.0,6.0,0.0,364.0,0.0,0.0,0.0,0.0,0.0,0.0,220.0
2026-04-02 00:00:00,0.0,0.0,0.0,0.0,0.0,0.0,458.0,0.0,0.0,0.0,0.0,0.0,0.0,144.0
2026-04-02 00:15:00,10.0,0.0,0.0,0.0,0.0,0.0,482.0,0.0,0.0,0.0,0.0,0.0,0.0,138.0
2026-04-02 00:30:00,35.0,10.0,0.0,10.0,0.0,0.0,607.0,0.0,0.0,0.0,0.0,0.0,0.0,108.0
2026-04-02 00:45:00,62.0,35.0,0.0,45.0,0.0,0.0,523.0,0.0,0.0,0.0,0.0,0.0,0.0,63.0
2026-04-02 01:00:00,80.0,62.0,0.0,107.0,0.0,0.0,463.0,0.0,0.0,0.0,0.0,0.0,0.0,75.0
2026-04-02 01:15:00,27.0,80.0,0.0,187.0,0.0,0.0,755.0,0.0,0.0,0.0,0.0,0.0,0.0,158.0
2026-04-02 01:30:00,0.0,27.0,0.0,185.0,29.0,0.0,1031.0,0.0,0.0,0.0,0.0,0.0,0.0,263.0
2026-04-02 01:45:00,4.0,0.0,0.0,73.0,112.0,0.0,1144.0,0.0,0.0,0.0,0.0,0.0,0.0,241.0
2026-04-02 02:00:00,11.0,4.0,0.0,6.0,71.0,0.0,1036.0,0.0,0.0,0.0,0.0,0.0,0.0,226.0
2026-04-02 02:15:00,20.0,11.0,0.0,15.0,2.0,0.0,700.0,0.0,0.0,0.0,0.0,0.0,0.0,135.0
2026-04-02 02:30:00,33.0,20.0,0.0,36.0,0.0,0.0,230.0,0.0,0.0,0.0,0.0,0.0,0.0,0.0
2026-04-02 02:45:00,17.0,33.0,0.0,68.0,0.0,0.0,35.0,0.0,0.0,0.0,0.0,0.0,0.0,0.0
2026-04-02 03:00:00,19.0,17.0,0.0,74.0,12.0,0.0,30.0,0.0,0.0,0.0,0.0,0.0,0.0,0.0
2026-04-02 03:15:00,26.0,19.0,0.0,58.0,35.0,0.0,10.0,0.0,0.0,0.0,0.0,0.0,0.0,0.0
2026-04-02 03:30:00,65.0,26.0,0.0,70.0,14.0,0.0,0.0,0.0,0.0,0.0,0.0,0.0,0.0,0.0
2026-04-02 03:45:00,256.0,65.0,0.0,135.0,0.0,0.0,0.0,5.0,0.0,0.0,0.0,0.0,0.0,0.0
2026-04-02 04:00:00,528.0,256.0,0.0,391.0,0.0,0.0,68.0,22.0,5.0,0.0,5.0,0.0,0.0,0.0
2026-04-02 04:15:00,850.0,528.0,0.0,920.0,0.0,0.0,99.0,122.0,22.0,0.0,27.0,0.0,0.0,0.0
2026-04-02 04:30:00,967.0,850.0,0.0,1770.0,0.0,0.0,154.0,296.0,122.0,0.0,149.0,0.0,0.0,0.0
2026-04-02 04:45:00,755.0,967.0,0.0,2549.0,188.0,155.0,154.0,516.0,296.0,0.0,445.0,0.0,0.0,0.0
2026-04-02 05:00:00,800.0,755.0,0.0,2564.0,741.0,205.0,280.0,710.0,516.0,0.0,961.0,0.0,0.0,32.0
2026-04-02 05:15:00,656.0,800.0,0.0,2235.0,1129.0,249.0,344.0,651.0,710.0,0.0,1583.0,88.0,22.0,48.0
2026-04-02 05:30:00,522.0,656.0,0.0,2194.0,696.0,293.0,338.0,630.0,651.0,0.0,1908.0,326.0,66.0,70.0
2026-04-02 05:45:00,486.0,522.0,0.0,1833.0,883.0,151.0,554.0,555.0,630.0,0.0,1880.0,658.0,66.0,114.0
2026-04-02 06:00:00,618.0,486.0,0.0,1448.0,871.0,91.0,380.0,495.0,555.0,0.0,1716.0,719.0,66.0,85.0
2026-04-02 06:15:00,655.0,618.0,6.0,1486.0,580.0,93.0,276.0,390.0,495.0,0.0,1538.0,673.0,49.0,66.0
2026-04-02 06:30:00,632.0,655.0,12.0,1765.0,376.0,47.0,267.0,145.0,390.0,4.0,1365.0,563.0,0.0,49.0
2026-04-02 06:45:00,544.0,632.0,17.0,1889.0,508.0,98.0,57.0,134.0,145.0,9.0,957.0,552.0,0.0,0.0
2026-04-02 07:00:00,506.0,544.0,23.0,1768.0,665.0,98.0,98.0,220.0,134.0,12.0,460.0,631.0,0.0,0.0
2026-04-02 07:15:00,513.0,506.0,40.0,1597.0,676.0,123.0,98.0,292.0,220.0,28.0,462.0,218.0,0.0,0.0
2026-04-02 07:30:00,469.0,513.0,50.0,1571.0,539.0,117.0,197.0,238.0,292.0,38.0,740.0,14.0,24.0,0.0
2026-04-02 07:45:00,408.0,469.0,58.0,1549.0,491.0,70.0,262.0,283.0,238.0,62.0,947.0,30.0,92.0,24.0
2026-04-02 08:00:00,359.0,408.0,54.0,1365.0,592.0,66.0,320.0,452.0,283.0,77.0,988.0,242.0,175.0,92.0
2026-04-02 08:15:00,258.0,359.0,36.0,1237.0,487.0,4.0,406.0,599.0,452.0,86.0,1206.0,234.0,219.0,214.0
2026-04-02 08:30:00,268.0,258.0,40.0,1081.0,415.0,0.0,436.0,645.0,599.0,82.0,1674.0,131.0,281.0,272.0
2026-04-02 08:45:00,469.0,268.0,40.0,847.0,502.0,0.0,501.0,335.0,645.0,103.0,2053.0,267.0,258.0,452.0
2026-04-02 09:00:00,661.0,469.0,22.0,902.0,414.0,0.0,468.0,278.0,335.0,106.0,1870.0,517.0,251.0,461.0
2026-04-02 09:15:00,669.0,661.0,6.0,1418.0,144.0,0.0,418.0,302.0,278.0,101.0,1165.0,984.0,239.0,477.0
2026-04-02 09:30:00,640.0,669.0,24.0,1848.0,240.0,44.0,315.0,310.0,302.0,100.0,910.0,557.0,212.0,579.0
2026-04-02 09:45:00,640.0,640.0,34.0,1948.0,540.0,104.0,239.0,366.0,310.0,96.0,1016.0,205.0,159.0,542.0
2026-04-02 10:00:00,599.0,640.0,46.0,1915.0,673.0,224.0,271.0,273.0,366.0,120.0,1176.0,205.0,95.0,472.0
2026-04-02 10:15:00,493.0,599.0,65.0,1942.0,572.0,224.0,463.0,228.0,273.0,148.0,1286.0,163.0,47.0,450.0
2026-04-02 10:30:00,363.0,493.0,98.0,1893.0,542.0,185.0,657.0,221.0,228.0,150.0,979.0,535.0,3.0,303.0
2026-04-02 10:45:00,454.0,363.0,116.0,1670.0,586.0,124.0,733.0,284.0,221.0,115.0,809.0,391.0,56.0,230.0
2026-04-02 11:00:00,627.0,454.0,116.0,1442.0,682.0,7.0,763.0,372.0,284.0,120.0,815.0,279.0,149.0,287.0
2026-04-02 11:15:00,694.0,627.0,82.0,1623.0,445.0,0.0,649.0,472.0,372.0,119.0,1034.0,154.0,161.0,317.0
2026-04-02 11:30:00,563.0,694.0,69.0,2039.0,279.0,0.0,552.0,499.0,472.0,150.0,1414.0,91.0,184.0,344.0
2026-04-02 11:45:00,491.0,563.0,79.0,2212.0,390.0,0.0,470.0,438.0,499.0,177.0,1754.0,160.0,135.0,398.0
2026-04-02 12:00:00,385.0,491.0,74.0,1863.0,840.0,0.0,438.0,369.0,438.0,179.0,1764.0,427.0,105.0,405.0
2026-04-02 12:15:00,397.0,385.0,31.0,1398.0,850.0,0.0,494.0,437.0,369.0,150.0,1610.0,523.0,136.0,381.0
2026-04-02 12:30:00,490.0,397.0,0.0,1127.0,668.0,38.0,420.0,515.0,437.0,122.0,1491.0,556.0,133.0,434.0
2026-04-02 12:45:00,547.0,490.0,0.0,1185.0,432.0,57.0,538.0,641.0,515.0,108.0,1431.0,575.0,133.0,468.0
2026-04-02 13:00:00,415.0,547.0,0.0,1456.0,276.0,57.0,510.0,609.0,641.0,69.0,1610.0,461.0,71.0,420.0
2026-04-02 13:15:00,228.0,415.0,0.0,1547.0,324.0,57.0,374.0,397.0,609.0,70.0,1910.0,309.0,27.0,444.0
2026-04-02 13:30:00,309.0,228.0,0.0,1142.0,633.0,23.0,445.0,421.0,397.0,85.0,1733.0,574.0,0.0,447.0
2026-04-02 13:45:00,411.0,309.0,0.0,864.0,587.0,0.0,453.0,422.0,421.0,101.0,1360.0,793.0,0.0,347.0
2026-04-02 14:00:00,385.0,411.0,0.0,1025.0,250.0,0.0,475.0,399.0,422.0,107.0,1390.0,392.0,0.0,386.0
2026-04-02 14:15:00,436.0,385.0,0.0,1124.0,286.0,0.0,512.0,494.0,399.0,115.0,1354.0,435.0,0.0,297.0
2026-04-02 14:30:00,446.0,436.0,0.0,1150.0,409.0,0.0,387.0,470.0,494.0,151.0,1423.0,425.0,0.0,290.0
2026-04-02 14:45:00,426.0,446.0,0.0,1232.0,364.0,0.0,264.0,384.0,470.0,153.0,1594.0,299.0,66.0,403.0
2026-04-02 15:00:00,450.0,426.0,0.0,1219.0,439.0,0.0,307.0,327.0,384.0,154.0,1513.0,465.0,66.0,436.0
2026-04-02 15:15:00,322.0,450.0,0.0,1253.0,416.0,0.0,397.0,211.0,327.0,173.0,1468.0,373.0,66.0,568.0
2026-04-02 15:30:00,303.0,322.0,0.0,1202.0,373.0,0.0,449.0,131.0,211.0,191.0,1232.0,447.0,66.0,513.0
2026-04-02 15:45:00,496.0,303.0,0.0,929.0,576.0,0.0,420.0,77.0,131.0,164.0,953.0,410.0,4.0,357.0
2026-04-02 16:00:00,654.0,496.0,0.0,1032.0,393.0,0.0,395.0,190.0,77.0,141.0,614.0,417.0,0.0,335.0
2026-04-02 16:15:00,781.0,654.0,0.0,1457.0,229.0,0.0,280.0,259.0,190.0,77.0,332.0,472.0,0.0,212.0
2026-04-02 16:30:00,795.0,781.0,0.0,1907.0,331.0,0.0,280.0,323.0,259.0,0.0,548.0,43.0,0.0,174.0
2026-04-02 16:45:00,569.0,795.0,0.0,2303.0,399.0,0.0,423.0,289.0,323.0,0.0,775.0,96.0,0.0,162.0
2026-04-02 17:00:00,611.0,569.0,0.0,2109.0,762.0,0.0,447.0,280.0,289.0,0.0,917.0,147.0,0.0,90.0
2026-04-02 17:15:00,794.0,611.0,0.0,1715.0,1005.0,0.0,521.0,332.0,280.0,0.0,859.0,338.0,0.0,102.0
2026-04-02 17:30:00,635.0,794.0,0.0,1972.0,537.0,0.0,551.0,364.0,332.0,9.0,868.0,323.0,0.0,112.0
2026-04-02 17:45:00,642.0,635.0,0.0,2186.0,421.0,0.0,471.0,205.0,364.0,13.0,1073.0,159.0,0.0,218.0
2026-04-02 18:00:00,624.0,642.0,0.0,1919.0,909.0,3.0,421.0,104.0,205.0,19.0,1082.0,195.0,0.0,225.0
2026-04-02 18:15:00,608.0,624.0,0.0,1869.0,674.0,47.0,415.0,86.0,104.0,25.0,674.0,512.0,0.0,246.0
2026-04-02 18:30:00,656.0,608.0,0.0,1792.0,684.0,47.0,482.0,78.0,86.0,32.0,363.0,397.0,0.0,293.0
2026-04-02 18:45:00,512.0,656.0,0.0,1820.0,628.0,47.0,533.0,94.0,78.0,38.0,338.0,104.0,0.0,232.0
2026-04-02 19:00:00,323.0,512.0,0.0,1899.0,433.0,47.0,553.0,88.0,94.0,38.0,302.0,130.0,0.0,228.0
2026-04-02 19:15:00,438.0,323.0,0.0,1419.0,803.0,0.0,608.0,11.0,88.0,20.0,275.0,115.0,0.0,180.0
2026-04-02 19:30:00,613.0,438.0,0.0,1015.0,842.0,0.0,586.0,0.0,11.0,0.0,193.0,93.0,0.0,118.0
2026-04-02 19:45:00,547.0,613.0,0.0,1375.0,253.0,0.0,636.0,0.0,0.0,0.0,45.0,148.0,0.0,104.0
2026-04-02 20:00:00,402.0,547.0,0.0,1762.0,159.0,0.0,640.0,34.0,0.0,0.0,0.0,45.0,0.0,168.0
2026-04-02 20:15:00,341.0,402.0,0.0,1577.0,587.0,0.0,564.0,66.0,34.0,0.0,34.0,0.0,0.0,156.0
2026-04-02 20:30:00,264.0,341.0,0.0,1230.0,687.0,0.0,430.0,107.0,66.0,0.0,101.0,0.0,0.0,206.0
2026-04-02 20:45:00,116.0,264.0,0.0,959.0,535.0,38.0,338.0,90.0,107.0,0.0,207.0,0.0,0.0,221.0
2026-04-02 21:00:00,0.0,116.0,0.0,655.0,420.0,47.0,426.0,0.0,90.0,0.0,298.0,0.0,0.0,136.0
2026-04-02 21:15:00,10.0,0.0,0.0,272.0,383.0,47.0,419.0,0.0,0.0,0.0,183.0,114.0,0.0,144.0
2026-04-02 21:30:00,39.0,10.0,0.0,23.0,260.0,47.0,484.0,0.0,0.0,0.0,11.0,172.0,0.0,163.0
2026-04-02 21:45:00,109.0,39.0,0.0,49.0,12.0,13.0,548.0,0.0,0.0,0.0,0.0,11.0,0.0,107.0
2026-04-02 22:00:00,193.0,109.0,0.0,158.0,0.0,0.0,416.0,0.0,0.0,0.0,0.0,0.0,0.0,204.0
2026-04-02 22:15:00,217.0,193.0,0.0,351.0,0.0,0.0,356.0,0.0,0.0,0.0,0.0,0.0,0.0,228.0
2026-04-02 22:30:00,185.0,217.0,0.0,539.0,29.0,0.0,307.0,0.0,0.0,0.0,0.0,0.0,0.0,200.0
2026-04-02 22:45:00,27.0,185.0,0.0,605.0,119.0,0.0,265.0,0.0,0.0,0.0,0.0,0.0,0.0,250.0
2026-04-02 23:00:00,0.0,27.0,0.0,414.0,218.0,0.0,338.0,0.0,0.0,0.0,0.0,0.0,0.0,224.0
2026-04-02 23:15:00,0.0,0.0,0.0,108.0,306.0,0.0,472.0,0.0,0.0,0.0,0.0,0.0,0.0,246.0
2026-04-02 23:30:00,0.0,0.0,0.0,0.0,108.0,0.0,671.0,0.0,0.0,0.0,0.0,0.0,0.0,326.0
2026-04-02 23:45:00,0.0,0.0,0.0,0.0,0.0,0.0,681.0,0.0,0.0,0.0,0.0,0.0,0.0,334.0
2026-04-03 00:00:00,0.0,0.0,0.0,0.0,0.0,0.0,622.0,0.0,0.0,0.0,0.0,0.0,0.0,268.0
