date,sta,flight_no,origin,origin_code,airline_name,aircraft_type,tail_reg,icao_cat,cbp_flag,actual_landing,gate
31-Mar-26,08:00,FR2972,Kaunas (KUN),KUN,Ryanair,B38M,SP-RZU,C,FALSE,,
31-Mar-26,08:05,BA4460,London (LCY),LCY,British Airways,E190,G-LCYO,C,FALSE,,
31-Mar-26,08:05,LH976,Frankfurt (FRA),FRA,Lufthansa (Star Alliance Livery),A320,D-AIZH,C,FALSE,,
31-Mar-26,08:15,AC800,Toronto (YYZ),YYZ,Air Canada,B789,C-FGFZ,E,TRUE,,
31-Mar-26,08:15,EI86,Cleveland (CLE),CLE,Aer Lingus,A21N,EI-LRE,C,TRUE,,
31-Mar-26,08:15,EI88,Minneapolis (MSP),MSP,Aer Lingus,A21N,EI-XLR,C,TRUE,,
31-Mar-26,08:20,AF1616,Paris (CDG),CDG,Air France,BCS3,F-HPNZ,C,FALSE,,
31-Mar-26,08:20,KL1135,Amsterdam (AMS),AMS,KLM,E295,PH-NXG,C,FALSE,,
31-Mar-26,08:25,EI82,Indianapolis (IND),IND,Aer Lingus,A21N,EI-XLU,C,FALSE,,
31-Mar-26,08:25,EI136,Boston (BOS),BOS,Aer Lingus,A332,EI-DAA,E,TRUE,,
31-Mar-26,08:30,FR553,Manchester (MAN),MAN,Ryanair,B38M,EI-IHY,C,FALSE,,
31-Mar-26,08:45,DL176,Atlanta (ATL),ATL,Delta Air Lines,B764,N839MH,D,TRUE,,
31-Mar-26,08:50,EI106,New York (JFK),JFK,Aer Lingus,A21N,EI-XLW,C,TRUE,,
31-Mar-26,08:50,EA3401,Donegal (CFN),CFN,Aer Lingus Regional,AT76,EI-GZV,B,FALSE,,
31-Mar-26,08:55,EI118,Washington (IAD),IAD,Aer Lingus,A21N,EI-LRD,C,TRUE,,
31-Mar-26,08:55,AY1381,Helsinki (HEL),HEL,Finnair,E190,OH-LKI,C,FALSE,,
31-Mar-26,08:55,FR447,Liverpool (LPL),LPL,Ryanair,B738,EI-GSK,C,FALSE,,
31-Mar-26,09:00,EI151,London (LHR),LHR,Aer Lingus,A20N,EI-NSE,C,FALSE,,
31-Mar-26,09:05,IB1881,Madrid (MAD),MAD,Iberia Express,A320,EC-LVQ,C,FALSE,,
31-Mar-26,09:10,FR6186,Palma de Mallorca (PMI),PMI,Lauda Europe,A320,9H-LMC,C,FALSE,,
31-Mar-26,09:15,DL44,New York (JFK),JFK,Delta Air Lines,B763,N178DZ,D,TRUE,,
31-Mar-26,09:15,EI203,Manchester (MAN),MAN,Aer Lingus,A320,EI-DEJ,C,FALSE,,
31-Mar-26,09:15,FR7389,Lisbon (LIS),LIS,Ryanair,B38M,EI-IKK,C,FALSE,,
31-Mar-26,09:20,EI120,Orlando (MCO),MCO,Aer Lingus,A333,EI-EIM,E,TRUE,,
31-Mar-26,09:20,EI263,Birmingham (BHX),BHX,Aer Lingus,A320,EI-DEL,C,FALSE,,
31-Mar-26,09:20,FR275,Glasgow (GLA),GLA,Ryanair,B738,9H-QAD,C,FALSE,,
31-Mar-26,09:20,VY8720,Barcelona (BCN),BCN,Vueling,A320,EC-MJC,C,FALSE,,
31-Mar-26,09:25,FR505,Bristol (BRS),BRS,Ryanair,B738,9H-QCT,C,FALSE,,
31-Mar-26,09:35,AA724,Charlotte (CLT),CLT,American Airlines,B772,N756AM,E,TRUE,,
31-Mar-26,09:35,FR157,Leeds (LBA),LBA,Ryanair,B38M,EI-IFV,C,FALSE,,
31-Mar-26,09:35,FR661,Birmingham (BHX),BHX,Ryanair,B38M,EI-IFS,C,FALSE,,
31-Mar-26,09:35,TK1975,Istanbul (IST),IST,Turkish Airlines,A21N,TC-LTD,C,FALSE,,
31-Mar-26,09:40,BA826,London (LHR),LHR,British Airways,A320,G-EUYJ,C,FALSE,,
31-Mar-26,09:40,EI3281,Bristol (BRS),BRS,Aer Lingus Regional,AT76,EI-HPK,B,FALSE,,
31-Mar-26,09:45,AA132,Dallas (DFW),DFW,American Airlines,B788,N874AN,E,TRUE,,
31-Mar-26,09:45,UA980,Chicago (ORD),ORD,United Airlines,B788,N20904,E,TRUE,,
31-Mar-26,09:50,EI401,Rome (FCO),FCO,Aer Lingus,320,,C,FALSE,,
31-Mar-26,09:50,EA3251,Edinburgh (EDI),EDI,Aer Lingus Regional,AT76,EI-GPN,B,FALSE,,
31-Mar-26,09:50,EA3391,Leeds (LBA),LBA,Aer Lingus Regional,AT76,EI-FAT,B,FALSE,,
31-Mar-26,09:50,FR31,London (STN),STN,Ryanair,B738,EI-EKI,C,FALSE,,
31-Mar-26,09:55,LH2516,Munich (MUC),MUC,Lufthansa,A21N,D-AIEJ,C,FALSE,,
31-Mar-26,10:00,WS34,Toronto (YYZ),YYZ,WestJet,B38M,C-GCAM,C,TRUE,,
31-Mar-26,10:00,EA3351,Newcastle (NCL),NCL,Aer Lingus Regional,AT76,EI-HPJ,B,FALSE,,
31-Mar-26,10:00,EY45,Abu Dhabi (AUH),AUH,Etihad Airways,B789,A6-BNA,E,FALSE,,
31-Mar-26,10:00,FR1949,Luxembourg (LUX),LUX,Ryanair,B738,EI-GXK,C,FALSE,,
31-Mar-26,10:10,FR535,Nottingham (EMA),EMA,Ryanair,B738,9H-QBJ,C,FALSE,,
31-Mar-26,10:12,EG981,Manchester (MAN),MAN,Aer Lingus,A333,G-EILA,E,FALSE,,
31-Mar-26,10:15,EI153,London (LHR),LHR,Aer Lingus,A20N,EI-NSG,C,FALSE,,
31-Mar-26,10:15,FR113,London (LGW),LGW,Ryanair,B738,9H-QDI,C,FALSE,,
31-Mar-26,10:15,N/A,Geneva (GVA),GVA,NetJets,C68A,CS-LUD,C,FALSE,,
31-Mar-26,10:20,EA3321,Manchester (MAN),MAN,Aer Lingus Regional,AT76,EI-GPO,B,FALSE,,
31-Mar-26,10:25,FR555,Manchester (MAN),MAN,Ryanair,B38M,EI-HEZ,C,FALSE,,
31-Mar-26,10:25,FR1983,Biarritz (BIQ),BIQ,Ryanair,B738,EI-EVJ,C,FALSE,,
31-Mar-26,10:25,KL1137,Amsterdam (AMS),AMS,KLM,B738,PH-BXA,C,FALSE,,
31-Mar-26,10:35,EI124,Chicago (ORD),ORD,Aer Lingus,A333,EI-DUZ,E,TRUE,,
31-Mar-26,10:35,BA4462,London (LCY),LCY,British Airways,E190,G-LCYP,C,FALSE,,
31-Mar-26,10:40,UA228,Washington (IAD),IAD,United Airlines,B752,N19117,D,TRUE,,
31-Mar-26,10:45,DL154,Boston (BOS),BOS,Delta Air Lines,B763,N173DZ,D,TRUE,,
31-Mar-26,10:45,FR658,Brussels (BRU),BRU,Ryanair,B38M,EI-IHN,C,FALSE,,
31-Mar-26,10:55,EA3551,Edinburgh (EDI),EDI,Aer Lingus Regional,AT76,EI-HNA,B,FALSE,,
31-Mar-26,10:55,FR421,Amsterdam (AMS),AMS,Ryanair,B738,9H-QEK,C,FALSE,,
31-Mar-26,10:55,FR7033,Faro (FAO),FAO,Ryanair,B738,9H-QDL,C,FALSE,,
31-Mar-26,10:55,SK535,Stockholm (ARN),ARN,SAS,A20N,SE-ROE,C,FALSE,,
31-Mar-26,11:00,EA3301,Southampton (SOU),SOU,Aer Lingus Regional,AT76,EI-HDK,B,FALSE,,
31-Mar-26,11:00,FR331,London (LTN),LTN,Ryanair,B738,EI-EBY,C,FALSE,,
31-Mar-26,11:00,GR686,Guernsey (GCI),GCI,Aurigny,AT76,G-OGFC,B,FALSE,,
31-Mar-26,11:05,EI631,Brussels (BRU),BRU,Aer Lingus,A320,EI-GAL,C,FALSE,,
31-Mar-26,11:05,EW9394,Dusseldorf (DUS),DUS,Eurowings,A321,D-AIDO,C,FALSE,,
31-Mar-26,11:05,FR115,London (LGW),LGW,Ryanair,B738,EI-DPP,C,FALSE,,
31-Mar-26,11:10,UA317,New York (EWR),EWR,United Airlines,B752,N14115,D,TRUE,,
31-Mar-26,11:10,FR3619,Turin (TRN),TRN,Ryanair,B738,SP-RKH,C,FALSE,,
31-Mar-26,11:15,EI521,Paris (CDG),CDG,Aer Lingus,A21N,EI-LRF,C,FALSE,,
31-Mar-26,11:15,FR4845,Milan (BGY),BGY,Ryanair,B38M,9H-VVJ,C,FALSE,,
31-Mar-26,11:20,EI155,London (LHR),LHR,Aer Lingus,A320,EI-FNJ,C,FALSE,,
31-Mar-26,11:20,FR612,Kerry (KIR),KIR,Ryanair,B738,EI-GJT,C,FALSE,,
31-Mar-26,11:25,EI693,Dusseldorf (DUS),DUS,Aer Lingus,A320,EI-DEM,C,FALSE,,
31-Mar-26,11:30,EI681,Geneva (GVA),GVA,Aer Lingus,A20N,EI-NSH,C,FALSE,,
31-Mar-26,11:30,XQ532,Antalya (AYT),AYT,SunExpress (Crystal Palace Livery),B38M,TC-SMF,C,FALSE,,
31-Mar-26,11:40,EI108,New York (JFK),JFK,Aer Lingus,A21N,EI-XLV,C,TRUE,,
31-Mar-26,11:40,LH978,Frankfurt (FRA),FRA,Lufthansa,A20N,D-AIJD,C,FALSE,,
31-Mar-26,11:45,EI60,San Francisco (SFO),SFO,Aer Lingus,A333,EI-EIN,E,TRUE,,
31-Mar-26,11:50,SK537,Copenhagen (CPH),CPH,SAS,A20N,EI-SIB,C,FALSE,,
31-Mar-26,12:00,BA828,London (LHR),LHR,British Airways,A21N,G-TNEE,C,FALSE,,
31-Mar-26,12:00,FR4284,Marseille (MRS),MRS,Ryanair,B738,SP-RSQ,C,FALSE,,
31-Mar-26,12:05,EI142,Cancun (CUN),CUN,Aer Lingus,A333,EI-FNH,E,FALSE,,
31-Mar-26,12:05,EI333,Berlin (BER),BER,Aer Lingus,A320,EI-GAM,C,FALSE,,
31-Mar-26,12:05,FR1739,Valencia (VLC),VLC,Ryanair,B738,EI-EGD,C,FALSE,,
31-Mar-26,12:05,WF372,Bergen (BGO),BGO,Wideroe,E290,LN-WEB,C,FALSE,,
31-Mar-26,12:10,EI651,Frankfurt (FRA),FRA,Aer Lingus,A320,EI-DEI,C,FALSE,,
31-Mar-26,12:10,LX400,Zurich (ZRH),ZRH,Swiss,BCS3,HB-JCJ,C,FALSE,,
31-Mar-26,12:15,EI52,Seattle (SEA),SEA,Aer Lingus,A332,EI-DUO,E,TRUE,,
31-Mar-26,12:15,FR6920,Barcelona (BCN),BCN,Ryanair,B738,SP-RKV,C,FALSE,,
31-Mar-26,12:16,N/A,Glasgow (GLA),GLA,NetJets,C56X,G-NJAK,C,FALSE,,
31-Mar-26,12:20,EI593,Madrid (MAD),MAD,Aer Lingus,A320,EI-DVG,C,FALSE,,
31-Mar-26,12:20,EW2774,Stuttgart (STR),STR,Eurowings,A319,D-AGWV,C,FALSE,,
31-Mar-26,12:20,FR7137,Lisbon (LIS),LIS,Ryanair,B38M,9H-VVL,C,FALSE,,
31-Mar-26,12:20,EK161,Dubai (DXB),DXB,Emirates,B77W,A6-ENV,C,FALSE,,
31-Mar-26,12:25,EA3555,Edinburgh (EDI),EDI,Aer Lingus Regional,AT76,EI-GZV,B,FALSE,,
31-Mar-26,12:25,FR3955,Nice (NCE),NCE,Ryanair,B38M,9H-VUZ,C,FALSE,,
31-Mar-26,12:30,FR817,Edinburgh (EDI),EDI,Ryanair,B38M,EI-ILH,C,FALSE,,
31-Mar-26,12:30,FR1924,Warsaw (WMI),WMI,Ryanair,B38M,EI-IJD,C,FALSE,,
31-Mar-26,12:35,FR438,Reus (REU),REU,Ryanair,B738,SP-RKD,C,FALSE,,
31-Mar-26,12:35,FR9457,Bologna (BLQ),BLQ,Ryanair,B738,9H-QCX,C,FALSE,,
31-Mar-26,12:40,KL1139,Amsterdam (AMS),AMS,KLM,E295,PH-NXW,C,FALSE,,
31-Mar-26,12:45,EI205,Manchester (MAN),MAN,Aer Lingus,A21N,EI-LRE,C,FALSE,,
31-Mar-26,12:50,EI343,Zurich (ZRH),ZRH,Aer Lingus,A320,EI-EDS,C,FALSE,,
31-Mar-26,12:50,EI563,Barcelona (BCN),BCN,Aer Lingus,A20N,EI-NSD,C,FALSE,,
31-Mar-26,12:55,EI433,Milan (LIN),LIN,Aer Lingus,A320,EI-DEP,C,FALSE,,
31-Mar-26,12:55,FR287,London (STN),STN,Ryanair,B738,SP-RKW,C,FALSE,,
31-Mar-26,13:00,FR25,Paris (BVA),BVA,Ryanair,B38M,EI-IJZ,C,FALSE,,
31-Mar-26,13:00,PC1157,Istanbul (SAW),SAW,Pegasus,A20N,TC-NBA,C,FALSE,,
31-Mar-26,13:05,EI353,Munich (MUC),MUC,Aer Lingus,A320,EI-DVH,C,FALSE,,
31-Mar-26,13:05,FR663,Birmingham (BHX),BHX,Ryanair,B738,EI-GXK,C,FALSE,,
31-Mar-26,13:15,EA3223,Glasgow (GLA),GLA,Aer Lingus Regional,AT76,EI-HPK,B,FALSE,,
31-Mar-26,13:15,EI3323,Manchester (MAN),MAN,Aer Lingus Regional,AT76,EI-FAT,B,FALSE,,
31-Mar-26,13:15,FI418,Reykjavik (KEF),KEF,Icelandair,B39M,TF-ICA,C,FALSE,,
31-Mar-26,13:20,FR1112,London (LGW),LGW,Ryanair,B738,9H-QAD,C,FALSE,,
31-Mar-26,13:20,MS775,Cairo (CAI),CAI,Egyptair (90 Years Sticker),A20N,SU-GFO,C,FALSE,,
31-Mar-26,13:22,N/A,Cork (ORK),ORK,Aer Lingus,A320,EI-DVN,C,FALSE,,
31-Mar-26,13:25,EI643,Prague (PRG),PRG,Aer Lingus,A320,EI-DES,C,FALSE,,
31-Mar-26,13:30,EI159,London (LHR),LHR,Aer Lingus,A20N,EI-NSE,C,FALSE,,
31-Mar-26,13:30,FR5569,Rome (FCO),FCO,Ryanair,B38M,EI-IFW,C,FALSE,,
31-Mar-26,13:35,EI403,Rome (FCO),FCO,Aer Lingus,A320,EI-DEH,C,FALSE,,
31-Mar-26,13:35,FR7045,Malaga (AGP),AGP,Ryanair,B738,SP-RKM,C,FALSE,,
31-Mar-26,13:40,EI661,Vienna (VIE),VIE,Aer Lingus,A320,EI-DVL,C,FALSE,,
31-Mar-26,13:40,EI3253,Edinburgh (EDI),EDI,Aer Lingus Regional,AT76,EI-GPN,B,FALSE,,
31-Mar-26,13:40,FR9588,Cluj-Napoca (CLJ),CLJ,Ryanair,B38M,EI-IHC,C,FALSE,,
31-Mar-26,13:45,EI3265,Birmingham (BHX),BHX,Aer Lingus Regional,AT76,EI-HPJ,B,FALSE,,
31-Mar-26,13:45,FR5195,Bucharest (OTP),OTP,Ryanair,B38M,EI-HGP,C,FALSE,,
31-Mar-26,13:45,FR7031,Faro (FAO),FAO,Ryanair,B738,SP-RNP,C,FALSE,,
31-Mar-26,13:55,FR435,Liverpool (LPL),LPL,Ryanair,B38M,9H-VVJ,C,FALSE,,
31-Mar-26,13:55,FR8936,Malta (MLA),MLA,Ryanair,B38M,EI-HET,C,FALSE,,
31-Mar-26,14:00,EI605,Amsterdam (AMS),AMS,Aer Lingus,A21N,EI-XLU,C,FALSE,,
31-Mar-26,14:00,FR11,Madrid (MAD),MAD,Ryanair,B38M,EI-HMZ,C,FALSE,,
31-Mar-26,14:05,EI451,Naples (NAP),NAP,Aer Lingus (Retro livery),A320,EI-DVM,C,FALSE,,
31-Mar-26,14:05,FR559,Manchester (MAN),MAN,Ryanair,B738,EI-EMH,C,FALSE,,
31-Mar-26,14:10,EI423,Venice (VCE),VCE,Aer Lingus,A320,EI-DVE,C,FALSE,,
31-Mar-26,14:10,EI525,Paris (CDG),CDG,Aer Lingus,A21N,EI-LRG,C,FALSE,,
31-Mar-26,14:20,EA3267,Birmingham (BHX),BHX,Aer Lingus Regional,AT76,EI-GPO,B,FALSE,,
31-Mar-26,14:22,N/A,Gran Canaria (LPA),LPA,-,H25B,OY-JBJ,C,FALSE,,
31-Mar-26,14:29,N/A,Rome (FCO),FCO,Aer Lingus,A320,EI-DER,C,FALSE,,
31-Mar-26,14:30,EI68,Los Angeles (LAX),LAX,Aer Lingus,A333,EI-GAJ,E,TRUE,,
31-Mar-26,14:30,BA830,London (LHR),LHR,British Airways,A320,G-EUYC,C,FALSE,,
31-Mar-26,14:30,FR338,London (LTN),LTN,Ryanair,B738,EI-EVJ,C,FALSE,,
31-Mar-26,14:35,EA3227,Glasgow (GLA),GLA,Aer Lingus Regional,AT76,EI-HDK,B,FALSE,,
31-Mar-26,14:35,FR117,London (LGW),LGW,Ryanair,B38M,EI-IHN,C,FALSE,,
31-Mar-26,14:35,FR203,London (STN),STN,Ryanair,B38M,EI-HGW,C,FALSE,,
31-Mar-26,14:40,EI505,Bordeaux (BOD),BOD,Aer Lingus,A320,EI-DEJ,C,FALSE,,
31-Mar-26,14:40,EA3255,Edinburgh (EDI),EDI,Aer Lingus Regional,AT76,EI-HNA,B,FALSE,,
31-Mar-26,14:45,EI581,Malaga (AGP),AGP,Aer Lingus,A333,EI-EIL,E,FALSE,,
31-Mar-26,14:45,EI493,Faro (FAO),FAO,Aer Lingus,A320,EI-EDP,C,FALSE,,
31-Mar-26,14:45,FR5911,Lanzarote (ACE),ACE,Ryanair,B38M,9H-VUQ,C,FALSE,,
31-Mar-26,14:50,EI163,London (LHR),LHR,Aer Lingus,A20N,EI-NSG,C,FALSE,,
31-Mar-26,14:50,EI393,Hamburg (HAM),HAM,Aer Lingus,A320,EI-DEI,C,FALSE,,
31-Mar-26,14:50,FR830,Venice (VCE),VCE,Ryanair,B738,9H-QEW,C,FALSE,,
31-Mar-26,14:55,FR6841,Naples (NAP),NAP,Ryanair,B738,EI-DPN,C,FALSE,,
31-Mar-26,15:00,FR5556,Tenerife (TFS),TFS,Ryanair,B738,SP-RNS,C,FALSE,,
31-Mar-26,15:05,BA4464,London (LCY),LCY,British Airways,E190,G-LCAE,C,FALSE,,
31-Mar-26,15:05,FR95,Gran Canaria (LPA),LPA,Ryanair,B38M,EI-HEN,C,FALSE,,
31-Mar-26,15:25,AF1816,Paris (CDG),CDG,Air France,BCS3,F-HZUN,C,FALSE,,
31-Mar-26,15:25,EI477,Dubrovnik (DBV),DBV,Aer Lingus,A320,EI-DEK,C,FALSE,,
31-Mar-26,15:25,EI441,Athens (ATH),ATH,Aer Lingus,A320,EI-DVK,C,FALSE,,
31-Mar-26,15:30,EI209,Manchester (MAN),MAN,Aer Lingus,A320,EI-GAM,C,FALSE,,
31-Mar-26,15:35,FR507,Bristol (BRS),BRS,Ryanair,B738,SP-RKD,C,FALSE,,
31-Mar-26,15:35,FR3007,Amsterdam (AMS),AMS,Ryanair,B738,EI-DPP,C,FALSE,,
31-Mar-26,15:35,FR5404,Murcia (RMU),RMU,Ryanair,B38M,EI-IHY,C,FALSE,,
31-Mar-26,15:35,FR7047,Malaga (AGP),AGP,Ryanair,B38M,EI-ILC,C,FALSE,,
31-Mar-26,15:40,FR153,Leeds (LBA),LBA,Ryanair,B38M,9H-VUW,C,FALSE,,
31-Mar-26,15:40,FR1115,Reus (REU),REU,Ryanair,B738,9H-QCT,C,FALSE,,
31-Mar-26,15:45,EI165,London (LHR),LHR,Aer Lingus,A320,EI-FNJ,C,FALSE,,
31-Mar-26,16:00,TK1977,Istanbul (IST),IST,Turkish Airlines,B738,TC-JHV,C,FALSE,,
31-Mar-26,16:05,BA4466,London (LCY),LCY,British Airways,E190,G-LCYS,C,FALSE,,
31-Mar-26,16:05,FR8911,Zagreb (ZAG),ZAG,Lauda Europe,A320,9H-LAX,C,FALSE,,
31-Mar-26,16:15,FR7327,Prague (PRG),PRG,Ryanair,B738,SP-RSF,C,FALSE,,
31-Mar-26,16:25,FR561,Manchester (MAN),MAN,Ryanair,B38M,EI-ILJ,C,FALSE,,
31-Mar-26,16:25,FR1455,Milan (MXP),MXP,Ryanair,B738,9H-QDI,C,FALSE,,
31-Mar-26,16:25,FR7035,Faro (FAO),FAO,Ryanair,B738,EI-DPL,C,FALSE,,
31-Mar-26,16:28,N/A,Katowice (KTW),KTW,Ryanair,CL35,M-ASBA,C,FALSE,,
31-Mar-26,16:30,FR1024,Budapest (BUD),BUD,Ryanair,B38M,EI-IFS,C,FALSE,,
31-Mar-26,16:35,EI161,London (LHR),LHR,Aer Lingus,A20N,EI-NSA,C,FALSE,,
31-Mar-26,16:40,EI777,Lanzarote (ACE),ACE,Aer Lingus,A320,EI-DVI,C,FALSE,,
31-Mar-26,16:40,KL1141,Amsterdam (AMS),AMS,KLM,E190,PH-EZL,C,FALSE,,
31-Mar-26,16:44,FX5201,Liege (LGG),LGG,FedEx,B763,N107FE,D,FALSE,,
31-Mar-26,16:45,EA3257,Edinburgh (EDI),EDI,Aer Lingus Regional,AT76,EI-FAT,B,FALSE,,
31-Mar-26,16:50,FR3976,Barcelona (BCN),BCN,Ryanair,B738,9H-QCA,C,FALSE,,
31-Mar-26,16:50,LH980,Frankfurt (FRA),FRA,Lufthansa,A321,D-AISH,C,FALSE,,
31-Mar-26,16:55,VL2518,Munich (MUC),MUC,Lufthansa City,A20N,D-AIIC,C,FALSE,,
31-Mar-26,17:00,FR4410,Rhodes (RHO),RHO,Ryanair,B738,SP-RND,C,FALSE,,
31-Mar-26,17:05,FR5150,Glasgow (GLA),GLA,Ryanair,B38M,EI-IHC,C,FALSE,,
31-Mar-26,17:15,AY1385,Helsinki (HEL),HEL,Finnair,A319,OH-LVH,C,FALSE,,
31-Mar-26,17:15,EI167,London (LHR),LHR,Aer Lingus,A20N,EI-NSD,C,FALSE,,
31-Mar-26,17:15,EI3225,Glasgow (GLA),GLA,Aer Lingus Regional,AT76,EI-HPJ,B,FALSE,,
31-Mar-26,17:20,EA3331,Exeter (EXT),EXT,Aer Lingus Regional,AT76,EI-GZV,B,FALSE,,
31-Mar-26,17:25,FR665,Birmingham (BHX),BHX,Ryanair,B38M,9H-VVJ,C,FALSE,,
31-Mar-26,17:25,FR7241,Madrid (MAD),MAD,Ryanair,B738,EI-EBY,C,FALSE,,
31-Mar-26,17:30,FR339,London (LTN),LTN,Ryanair,B738,SP-RKM,C,FALSE,,
31-Mar-26,17:35,FR4267,Verona (VRN),VRN,Ryanair,B738,9H-QEK,C,FALSE,,
31-Mar-26,17:40,EI609,Amsterdam (AMS),AMS,Aer Lingus,A320,EI-DEP,C,FALSE,,
31-Mar-26,17:40,FR289,London (STN),STN,Ryanair,B38M,EI-HMW,C,FALSE,,
31-Mar-26,17:40,FR441,Liverpool (LPL),LPL,Ryanair,B38M,EI-IHN,C,FALSE,,
31-Mar-26,17:40,FR1975,Poznan (POZ),POZ,Ryanair,B738,EI-GJT,C,FALSE,,
31-Mar-26,17:45,EI405,Rome (FCO),FCO,Aer Lingus,A320,EI-DEL,C,FALSE,,
31-Mar-26,17:50,EI527,Paris (CDG),CDG,Aer Lingus,A320,EI-EDS,C,FALSE,,
31-Mar-26,17:50,LX404,Zurich (ZRH),ZRH,airBaltic,BCS3,YL-BTB,C,FALSE,,
31-Mar-26,17:54,5X207,Louisville (SDF),SDF,UPS,B763,N327UP,D,FALSE,,
31-Mar-26,17:55,EI545,Nice (NCE),NCE,Aer Lingus,A320,EI-GAL,C,FALSE,,
31-Mar-26,17:55,FR1993,La Rochelle (LRH),LRH,Ryanair,B738,EI-GXK,C,FALSE,,
31-Mar-26,17:55,TK6425,Istanbul (IST),IST,Turkish Airlines,33X,,C,FALSE,,
31-Mar-26,18:05,EI515,Marseille (MRS),MRS,Aer Lingus,A320,EI-DEM,C,FALSE,,
31-Mar-26,18:05,EI553,Lyon (LYS),LYS,Aer Lingus,A21N,EI-LRF,C,FALSE,,
31-Mar-26,18:05,TP1324,Lisbon (LIS),LIS,TAP Express,E190,CS-TPO,C,FALSE,,
31-Mar-26,18:10,EA3217,Isle of Man (IOM),IOM,Aer Lingus Regional,AT76,EI-HPK,B,FALSE,,
31-Mar-26,18:10,FR1987,Nantes (NTE),NTE,Ryanair,B38M,9H-VUZ,C,FALSE,,
31-Mar-26,18:20,EI169,London (LHR),LHR,Aer Lingus,A20N,EI-NSE,C,FALSE,,
31-Mar-26,18:20,FR4037,Milan (BGY),BGY,Ryanair,B38M,9H-VVR,C,FALSE,,
31-Mar-26,18:20,SK2537,Copenhagen (CPH),CPH,SAS,A20N,EI-SIG,C,FALSE,,
31-Mar-26,18:21,H5334,Poznan (POZ),POZ,VistaJet,C56X,D-CXLS,C,FALSE,,
31-Mar-26,18:25,AF1116,Paris (CDG),CDG,Air France,BCS3,F-HZUA,C,FALSE,,
31-Mar-26,18:30,FR9777,Nimes (FNI),FNI,Ryanair,B738,SP-RKV,C,FALSE,,
31-Mar-26,18:35,EI3327,Manchester (MAN),MAN,Aer Lingus Regional,AT76,EI-HNA,B,FALSE,,
31-Mar-26,18:35,EA3931,Newquay (NQY),NQY,Aer Lingus Regional,AT76,EI-HDK,B,FALSE,,
31-Mar-26,18:40,BA832,London (LHR),LHR,British Airways,A320,G-EUYA,C,FALSE,,
31-Mar-26,18:40,BA4472,London (LCY),LCY,British Airways,E190,G-LCAG,C,FALSE,,
31-Mar-26,18:45,EI3243,Aberdeen (ABZ),ABZ,Aer Lingus Regional,AT76,EI-GPO,B,FALSE,,
31-Mar-26,18:45,FR119,London (LGW),LGW,Ryanair,B38M,9H-VUQ,C,FALSE,,
31-Mar-26,18:45,FR509,Bristol (BRS),BRS,Ryanair,B38M,EI-HGG,C,FALSE,,
31-Mar-26,18:45,FR7063,Alicante (ALC),ALC,Ryanair,B738,SP-RKH,C,FALSE,,
31-Mar-26,18:50,FR205,London (STN),STN,Ryanair,B738,SP-RNS,C,FALSE,,
31-Mar-26,18:55,FR5307,Kerry (KIR),KIR,Ryanair,B738,SP-RKD,C,FALSE,,
31-Mar-26,19:00,FR809,Edinburgh (EDI),EDI,Ryanair,B38M,EI-IHY,C,FALSE,,
31-Mar-26,19:10,FR3101,Amsterdam (AMS),AMS,Ryanair,B38M,EI-HET,C,FALSE,,
31-Mar-26,19:10,FR5132,Basel (BSL),BSL,Ryanair,B738,9H-QAD,C,FALSE,,
31-Mar-26,19:15,EI749,Bilbao (BIO),BIO,Aer Lingus,A320,EI-DVH,C,FALSE,,
31-Mar-26,19:20,FR5419,Berlin (BER),BER,Ryanair,B738,EI-EBV,C,FALSE,,
31-Mar-26,19:30,BA4468,London (LCY),LCY,British Airways,E190,G-LCAE,C,FALSE,,
31-Mar-26,19:35,BA834,London (LHR),LHR,British Airways,A21N,G-NEOV,C,FALSE,,
31-Mar-26,19:35,EI173,London (LHR),LHR,Aer Lingus,A20N,EI-NSG,C,FALSE,,
31-Mar-26,19:35,FR9176,Ibiza (IBZ),IBZ,Ryanair,B738,SP-RSQ,C,FALSE,,
31-Mar-26,19:45,FR121,London (LGW),LGW,Ryanair,B738,EI-DPP,C,FALSE,,
31-Mar-26,19:50,FR1557,Manchester (MAN),MAN,Ryanair,B738,9H-QBZ,C,FALSE,,
31-Mar-26,19:53,N/A,Weeze (NRN),NRN,Ryanair,B738,9H-QAL,C,FALSE,,
31-Mar-26,20:05,FR449,Liverpool (LPL),LPL,Ryanair,B738,EI-DCL,C,FALSE,,
31-Mar-26,20:05,FR8131,Malaga (AGP),AGP,Ryanair,B38M,EI-IJD,C,FALSE,,
31-Mar-26,20:05,EK163,Dubai (DXB),DXB,Emirates,B77W,A6-EPH,C,FALSE,,
31-Mar-26,20:10,EI585,Malaga (AGP),AGP,Aer Lingus,A320,EI-DVG,C,FALSE,,
31-Mar-26,20:10,FR7133,Faro (FAO),FAO,Ryanair,B738,EI-EVR,C,FALSE,,
31-Mar-26,20:15,FR7355,Chania (CHQ),CHQ,Ryanair,B738,EI-EKI,C,FALSE,,
31-Mar-26,20:20,DN407,Bacau (BCM),BCM,Dan Air,A320,YR-JUL,C,FALSE,,
31-Mar-26,20:20,FR2031,Krakow (KRK),KRK,Ryanair,B38M,SP-RZO,C,FALSE,,
31-Mar-26,20:26,N/A,Glasgow (GLA),GLA,Aer Lingus Regional,AT76,EI-GZV,B,FALSE,,
31-Mar-26,20:30,FR1453,Brussels (BRU),BRU,Ryanair,B738,EI-DPN,C,FALSE,,
31-Mar-26,20:36,5X249,Shannon (SNN),SNN,UPS,B763,N391UP,D,FALSE,,
31-Mar-26,20:55,EI177,London (LHR),LHR,Aer Lingus,A20N,EI-NSA,C,FALSE,,
31-Mar-26,20:55,EI3229,Glasgow (GLA),GLA,Aer Lingus,AT7,,B,FALSE,,
31-Mar-26,20:55,FR7788,Marrakesh (RAK),RAK,Ryanair,B738,EI-EBL,C,FALSE,,
31-Mar-26,20:55,VY8722,Barcelona (BCN),BCN,Vueling,A320,EC-LOP,C,FALSE,,
31-Mar-26,21:00,EI413,Verona (VRN),VRN,Aer Lingus,A320,EI-DVE,C,FALSE,,
31-Mar-26,21:05,FR7157,Madrid (MAD),MAD,Ryanair,B738,EI-DWA,C,FALSE,,
31-Mar-26,21:10,FR21,Newcastle (NCL),NCL,Ryanair,B738,EI-GJT,C,FALSE,,
31-Mar-26,21:10,FR341,London (LTN),LTN,Ryanair,B38M,EI-ILG,C,FALSE,,
31-Mar-26,21:17,5O4394,Shannon (SNN),SNN,ASL Airlines,B738,F-HIQB,C,FALSE,,
31-Mar-26,21:20,FR123,London (LGW),LGW,Ryanair,B738,9H-QEK,C,FALSE,,
31-Mar-26,21:20,FR291,London (STN),STN,Ryanair,B738,EI-DLI,C,FALSE,,
31-Mar-26,21:20,FR6394,Barcelona (BCN),BCN,Ryanair,B738,9H-QCO,C,FALSE,,
31-Mar-26,21:25,FR9612,Rome (FCO),FCO,Ryanair,B738,SP-RNP,C,FALSE,,
31-Mar-26,21:30,EI277,Birmingham (BHX),BHX,Aer Lingus,A320,EI-GAL,C,FALSE,,
31-Mar-26,21:30,EA3409,Donegal (CFN),CFN,Aer Lingus Regional,AT76,EI-HPK,B,FALSE,,
31-Mar-26,21:35,EI3309,Southampton (SOU),SOU,Aer Lingus Regional,AT76,EI-HPJ,B,FALSE,,
31-Mar-26,21:35,FR512,Bristol (BRS),BRS,Ryanair,B38M,EI-IKR,C,FALSE,,
31-Mar-26,21:40,FR5562,Glasgow (GLA),GLA,Ryanair,B738,SP-RKH,C,FALSE,,
31-Mar-26,21:45,EA3259,Edinburgh (EDI),EDI,Aer Lingus Regional,AT76,EI-FAT,B,FALSE,,
31-Mar-26,21:45,EA3289,Bristol (BRS),BRS,Aer Lingus Regional,AT76,EI-GPN,B,FALSE,,
31-Mar-26,21:50,BA4470,London (LCY),LCY,British Airways,E190,G-LCYP,C,FALSE,,
31-Mar-26,21:50,FR3103,Amsterdam (AMS),AMS,Ryanair,B738,SP-RKM,C,FALSE,,
31-Mar-26,22:00,FR127,London (LGW),LGW,Ryanair,B738,9H-QCA,C,FALSE,,
31-Mar-26,22:05,EI3329,Manchester (MAN),MAN,Aer Lingus Regional,AT76,EI-HNA,B,FALSE,,
31-Mar-26,22:05,FR8563,Malaga (AGP),AGP,Ryanair,B738,EI-EVJ,C,FALSE,,
31-Mar-26,22:08,N/A,Birmingham (BHX),BHX,Aer Lingus Regional,AT76,EI-HDK,B,FALSE,,
31-Mar-26,22:10,EA3197,Liverpool (LPL),LPL,Aer Lingus Regional,AT76,EI-GPO,B,FALSE,,
31-Mar-26,22:15,LH982,Frankfurt (FRA),FRA,Lufthansa,A321,D-AISG,C,FALSE,,
31-Mar-26,22:15,N/A,Manchester (MAN),MAN,Aer Lingus Regional,AT76,EI-HNA,B,FALSE,,
31-Mar-26,22:20,EI611,Amsterdam (AMS),AMS,Aer Lingus,A320,EI-FNJ,C,FALSE,,
31-Mar-26,22:20,5F5711,Chisinau (RMO),RMO,FlyOne,A321,ER-00003,C,FALSE,,
31-Mar-26,22:25,FR456,Leeds (LBA),LBA,Ryanair,B38M,9H-VVL,C,FALSE,,
31-Mar-26,22:25,KL1145,Amsterdam (AMS),AMS,KLM,B738,PH-BGA,C,FALSE,,
31-Mar-26,22:30,EI183,London (LHR),LHR,Aer Lingus,A20N,EI-NSE,C,FALSE,,
31-Mar-26,22:30,EI3275,Birmingham (BHX),BHX,Aer Lingus,AT7,,B,FALSE,,
31-Mar-26,22:30,FR1861,Paris (BVA),BVA,Ryanair,B738,SP-RKV,C,FALSE,,
31-Mar-26,22:40,AF1016,Paris (CDG),CDG,Air France,BCS3,F-HPNM,C,FALSE,,
31-Mar-26,22:40,EI529,Paris (CDG),CDG,Aer Lingus,A320,EI-DEI,C,FALSE,,
31-Mar-26,22:50,EI575,Alicante (ALC),ALC,Aer Lingus,A320,EI-DVK,C,FALSE,,
31-Mar-26,22:50,EI737,Palma de Mallorca (PMI),PMI,Aer Lingus,A320,EI-DEK,C,FALSE,,
31-Mar-26,22:50,FR667,Birmingham (BHX),BHX,Ryanair,B738,EI-DPP,C,FALSE,,
31-Mar-26,22:55,EI709,Marrakesh (RAK),RAK,Aer Lingus,A320,EI-DVN,C,FALSE,,
31-Mar-26,22:55,FR4223,Bratislava (BTS),BTS,Ryanair,B738,9H-QCT,C,FALSE,,
31-Mar-26,22:55,FR7236,Malta (MLA),MLA,Ryanair,B38M,EI-HMZ,C,FALSE,,
31-Mar-26,23:00,EI465,Malta (MLA),MLA,Aer Lingus,A320,EI-DES,C,FALSE,,
31-Mar-26,23:00,FR143,London (LGW),LGW,Ryanair,B38M,9H-VUQ,C,FALSE,,
31-Mar-26,23:00,FR942,Palma de Mallorca (PMI),PMI,Ryanair,B38M,EI-IFS,C,FALSE,,
31-Mar-26,23:05,EI497,Faro (FAO),FAO,Aer Lingus,A320,EI-GAM,C,FALSE,,
31-Mar-26,23:05,FR813,Edinburgh (EDI),EDI,Ryanair,B38M,EI-IJD,C,FALSE,,
31-Mar-26,23:05,FR7329,Lisbon (LIS),LIS,Ryanair,B38M,EI-HGW,C,FALSE,,
31-Mar-26,23:10,EI337,Berlin (BER),BER,Aer Lingus,A320,EI-DVI,C,FALSE,,
31-Mar-26,23:10,EI587,Malaga (AGP),AGP,Aer Lingus,A320,EI-EDP,C,FALSE,,
31-Mar-26,23:20,FR210,London (STN),STN,Ryanair,B738,SP-RSQ,C,FALSE,,
31-Mar-26,23:45,FR557,Manchester (MAN),MAN,Ryanair,B738,EI-DPN,C,FALSE,,
31-Mar-26,23:45,FR9998,Pisa (PSA),PSA,Ryanair,B38M,9H-VVJ,C,FALSE,,
31-Mar-26,23:50,FR4500,Cologne (CGN),CGN,Ryanair,B738,9H-QAD,C,FALSE,,
31-Mar-26,23:50,FR8108,Reus (REU),REU,Ryanair,B738,EI-GXK,C,FALSE,,
31-Mar-26,23:55,FR883,Fuerteventura (FUE),FUE,Ryanair,B38M,EI-HGP,C,FALSE,,
01-Apr-26,00:05,FR3567,Santiago de Compostela (SCQ),SCQ,Ryanair,B738,SP-RNS,C,FALSE,,
01-Apr-26,00:10,FR7001,Girona (GRO),GRO,Ryanair,B38M,9H-VUZ,C,FALSE,,
01-Apr-26,00:15,FR635,Cardiff (CWL),CWL,Ryanair,B738,SP-RNP,C,FALSE,,
01-Apr-26,00:15,FR669,Birmingham (BHX),BHX,Ryanair,B38M,EI-IHM,C,FALSE,,
01-Apr-26,00:20,EI779,Lanzarote (ACE),ACE,Aer Lingus,A20N,EI-NSB,C,FALSE,,
01-Apr-26,00:20,FR7125,Lanzarote (ACE),ACE,Ryanair,B38M,EI-IFW,C,FALSE,,
01-Apr-26,00:20,FR7313,Zadar (ZAD),ZAD,Ryanair,B38M,EI-IHC,C,FALSE,,
01-Apr-26,00:25,FR3881,Dubrovnik (DBV),DBV,Ryanair,B38M,EI-ILJ,C,FALSE,,
01-Apr-26,00:25,FR8135,Alicante (ALC),ALC,Ryanair,B38M,EI-HMW,C,FALSE,,
01-Apr-26,00:30,FR9976,Ibiza (IBZ),IBZ,Ryanair,B738,EI-EBY,C,FALSE,,
01-Apr-26,00:35,FR633,Copenhagen (CPH),CPH,Ryanair,B38M,EI-HET,C,FALSE,,
01-Apr-26,00:45,EI765,Tenerife (TFS),TFS,Aer Lingus (Retro livery),A320,EI-DVM,C,FALSE,,
01-Apr-26,00:45,LH8321,Birmingham (BHX),BHX,Lufthansa Cargo,A321,D-AEUA,C,FALSE,,
01-Apr-26,00:50,EI783,Gran Canaria (LPA),LPA,Aer Lingus,A320,EI-DVL,C,FALSE,,
01-Apr-26,00:50,FR7073,Porto (OPO),OPO,Ryanair,B738,SP-RKD,C,FALSE,,
01-Apr-26,00:50,FR7120,Tenerife (TFS),TFS,Ryanair,B38M,EI-HEN,C,FALSE,,
01-Apr-26,00:55,EI565,Barcelona (BCN),BCN,Aer Lingus,A320,EI-EDS,C,FALSE,,
01-Apr-26,00:59,EI487,Lisbon (LIS),LIS,Aer Lingus,A20N,EI-NSD,C,FALSE,,
01-Apr-26,01:01,FR7800,Milan (MXP),MXP,Ryanair,B38M,EI-IHY,C,FALSE,,
01-Apr-26,01:15,FR5204,Sofia (SOF),SOF,Ryanair,B38M,EI-ILC,C,FALSE,,
01-Apr-26,01:15,FR7135,Palermo (PMO),PMO,Ryanair,B738,SP-RND,C,FALSE,,
01-Apr-26,01:30,EI799,Izmir (ADB),ADB,Aer Lingus,A320,EI-DEJ,C,FALSE,,
01-Apr-26,01:49,XM358,Birmingham (BHX),BHX,Zimex Aviation,AT72,HB-AFJ,B,FALSE,,
01-Apr-26,04:00,N/A,Nottingham (EMA),EMA,DHL,A306,D-AEAT,C,FALSE,,
01-Apr-26,04:25,QY2886,Brussels (BRU),BRU,DHL,B738,EC-HLN,C,FALSE,,
01-Apr-26,04:30,EI104,New York (JFK),JFK,Aer Lingus,A333,EI-FNG,E,TRUE,,
01-Apr-26,04:38,FX5051,Indianapolis (IND),IND,FedEx,B763,N125FE,D,FALSE,,
01-Apr-26,04:45,5O4294,Paris (CDG),CDG,ASL Airlines,B738,F-HIQB,C,FALSE,,
01-Apr-26,04:49,5X248,Cologne (CGN),CGN,UPS,B763,N391UP,D,FALSE,,
01-Apr-26,05:10,EI122,Chicago (ORD),ORD,Aer Lingus,A333,EI-EDY,E,TRUE,,
01-Apr-26,05:10,EI126,Toronto (YYZ),YYZ,Aer Lingus,A333,EI-DUZ,E,TRUE,,
01-Apr-26,05:11,QY2882,Leipzig (LEJ),LEJ,Titan Airways,A321,9H-ZTB,C,FALSE,,
01-Apr-26,05:15,EI100,New York (EWR),EWR,Aer Lingus,A21N,EI-LRC,C,TRUE,,
01-Apr-26,05:15,EI116,Washington (IAD),IAD,Aer Lingus,A21N,EI-LRA,C,TRUE,,
01-Apr-26,05:15,EI130,Windsor Locks (BDL),BDL,Aer Lingus,A21N,EI-LRD,C,TRUE,,
01-Apr-26,05:58,FX5202,London (STN),STN,FedEx,B763,N107FE,D,FALSE,,
01-Apr-26,06:07,TK6425,Istanbul (IST),IST,Turkish Cargo,A332,TC-JCI,E,FALSE,,
01-Apr-26,06:30,AA722,Philadelphia (PHL),PHL,American Airlines,B788,N871AY,E,TRUE,,
01-Apr-26,06:30,FR23,Paris (BVA),BVA,Ryanair,B38M,EI-IKW,C,FALSE,,
01-Apr-26,06:45,FR435,Liverpool (LPL),LPL,Ryanair,B738,EI-GSK,C,FALSE,,
01-Apr-26,07:00,FR157,Leeds (LBA),LBA,Ryanair,B738,9H-QFD,C,FALSE,,
01-Apr-26,07:10,FR2972,Kaunas (KUN),KUN,Ryanair,B38M,SP-RZL,C,FALSE,,
01-Apr-26,07:20,UA310,Washington (IAD),IAD,United Airlines,B752,N14106,D,TRUE,,
01-Apr-26,07:30,UA23,New York (EWR),EWR,United Airlines,B77W,N2331U,C,TRUE,,
01-Apr-26,07:35,FR339,London (LTN),LTN,Ryanair,B38M,9H-VUH,C,FALSE,,
01-Apr-26,07:35,FR3976,Barcelona (BCN),BCN,Ryanair,B738,EI-EME,C,FALSE,,
01-Apr-26,07:35,FR5419,Berlin (BER),BER,Ryanair,B38M,EI-IGK,C,FALSE,,
01-Apr-26,07:40,BA824,London (LHR),LHR,British Airways,A320,G-EUUJ,C,FALSE,,
01-Apr-26,07:50,FR271,London (STN),STN,Ryanair,B38M,EI-HGY,C,FALSE,,
01-Apr-26,07:55,DL258,Minneapolis (MSP),MSP,Delta Air Lines,A333,N806NW,E,TRUE,,
01-Apr-26,08:05,BA4460,London (LCY),LCY,British Airways,E190,G-LCAG,C,FALSE,,
01-Apr-26,08:05,LH976,Frankfurt (FRA),FRA,Lufthansa,A319,D-AIBF,C,FALSE,,
01-Apr-26,08:15,AC800,Toronto (YYZ),YYZ,Air Canada,B789,C-FGDZ,E,TRUE,,
01-Apr-26,08:15,EI86,Cleveland (CLE),CLE,Aer Lingus,A21N,EI-XLU,C,TRUE,,
01-Apr-26,08:15,EI88,Minneapolis (MSP),MSP,Aer Lingus,A21N,EI-XLW,C,TRUE,,
01-Apr-26,08:15,AF1616,Paris (CDG),CDG,Air France,BCS3,F-HOZB,C,FALSE,,
01-Apr-26,08:20,D83606,Copenhagen (CPH),CPH,Norwegian (Gustav Vigeland Livery),B738,SE-RPL,C,FALSE,,
01-Apr-26,08:20,KL1135,Amsterdam (AMS),AMS,KLM,E295,PH-NXI,C,FALSE,,
01-Apr-26,08:25,EI136,Boston (BOS),BOS,Aer Lingus,A333,EI-EIN,E,TRUE,,
01-Apr-26,08:25,FR809,Edinburgh (EDI),EDI,Ryanair,B738,9H-QCT,C,FALSE,,
01-Apr-26,08:35,EI76,Nashville (BNA),BNA,Aer Lingus,A21N,EI-XLR,C,TRUE,,
01-Apr-26,08:40,EI146,Bridgetown (BGI),BGI,Aer Lingus,A21N,EI-XLV,C,FALSE,,
01-Apr-26,08:45,DL176,Atlanta (ATL),ATL,Delta Air Lines,B764,N825MH,D,TRUE,,
01-Apr-26,08:45,FR275,Glasgow (GLA),GLA,Ryanair,B738,SP-RND,C,FALSE,,
01-Apr-26,08:50,EI106,New York (JFK),JFK,Aer Lingus,A21N,EI-LRE,C,TRUE,,
01-Apr-26,08:50,EI3401,Donegal (CFN),CFN,Aer Lingus Regional,AT76,EI-GPO,B,FALSE,,
01-Apr-26,08:55,AY1381,Helsinki (HEL),HEL,Jettime,B738,OY-JZO,C,FALSE,,
01-Apr-26,08:55,EY45,Abu Dhabi (AUH),AUH,Etihad Airways,B789,A6-BLZ,E,FALSE,,
01-Apr-26,08:55,FR553,Manchester (MAN),MAN,Ryanair,B738,SP-RKD,C,FALSE,,
01-Apr-26,09:00,EI151,London (LHR),LHR,Aer Lingus,A20N,EI-NSH,C,FALSE,,
01-Apr-26,09:05,EI118,Washington (IAD),IAD,Aer Lingus,A21N,EI-LRG,C,TRUE,,
01-Apr-26,09:05,IB1881,Madrid (MAD),MAD,Iberia Express,A320,EC-LVQ,C,FALSE,,
01-Apr-26,09:15,DL44,New York (JFK),JFK,Delta Air Lines,B763,N177DZ,D,TRUE,,
01-Apr-26,09:15,EI203,Manchester (MAN),MAN,Aer Lingus,A320,EI-DEJ,C,FALSE,,
01-Apr-26,09:15,FR21,Newcastle (NCL),NCL,Ryanair,B38M,EI-HAW,C,FALSE,,
01-Apr-26,09:15,VY8720,Barcelona (BCN),BCN,Vueling,A320,EC-MER,C,FALSE,,
01-Apr-26,09:20,EI263,Birmingham (BHX),BHX,Aer Lingus,A320,EI-DEI,C,FALSE,,
01-Apr-26,09:31,N/A,Prague (PRG),PRG,Smartwings (CSA Livery),BCS3,OK-FYD,C,FALSE,,
01-Apr-26,09:31,N/A,Munich (MUC),MUC,NetJets,C56X,CS-DQA,C,FALSE,,
01-Apr-26,09:35,AA724,Charlotte (CLT),CLT,American Airlines,B772,N762AN,E,TRUE,,
01-Apr-26,09:35,EI1120,Orlando (MCO),MCO,Aer Lingus,A333,EI-FNH,E,TRUE,,
01-Apr-26,09:35,FR661,Birmingham (BHX),BHX,Ryanair,B38M,EI-HMW,C,FALSE,,
01-Apr-26,09:35,TK1975,Istanbul (IST),IST,Turkish Airlines,A21N,TC-LSZ,C,FALSE,,
01-Apr-26,09:40,BA826,London (LHR),LHR,British Airways,A21N,G-NEOU,C,FALSE,,
01-Apr-26,09:40,FR1987,Nantes (NTE),NTE,Ryanair,B738,SP-RSQ,C,FALSE,,
01-Apr-26,09:45,AA132,Dallas (DFW),DFW,American Airlines,B788,N882BL,E,TRUE,,
01-Apr-26,09:45,UA980,Chicago (ORD),ORD,United Airlines,B788,N27901,E,TRUE,,
01-Apr-26,09:50,EI401,Rome (FCO),FCO,Aer Lingus,A320,EI-DER,C,FALSE,,
01-Apr-26,09:50,EA3221,Glasgow (GLA),GLA,Aer Lingus Regional,AT76,EI-HNA,B,FALSE,,
01-Apr-26,09:50,EA3251,Edinburgh (EDI),EDI,Aer Lingus Regional,AT76,EI-FAT,B,FALSE,,
01-Apr-26,09:50,EI3391,Leeds (LBA),LBA,Aer Lingus Regional,AT76,G-CMMN,B,FALSE,,
01-Apr-26,09:50,FR31,London (STN),STN,Ryanair,B738,SP-RKM,C,FALSE,,
01-Apr-26,09:55,LH2516,Munich (MUC),MUC,Lufthansa,A21N,D-AIEE,C,FALSE,,
01-Apr-26,09:57,N/A,Leeds (LBA),LBA,Aer Lingus Regional,AT76,EI-GZV,B,FALSE,,
01-Apr-26,10:00,A3630,Athens (ATH),ATH,Aegean Airlines,A320,SX-DNB,C,FALSE,,
01-Apr-26,10:00,TP1322,Lisbon (LIS),LIS,TAP Express,E195,CS-TAY,C,FALSE,,
01-Apr-26,10:05,FR47,Brussels (CRL),CRL,Ryanair,B738,9H-QAL,C,FALSE,,
01-Apr-26,10:15,EI153,London (LHR),LHR,Aer Lingus,A20N,EI-NSE,C,FALSE,,
01-Apr-26,10:15,FR113,London (LGW),LGW,Ryanair,B38M,EI-HET,C,FALSE,,
01-Apr-26,10:15,FR441,Liverpool (LPL),LPL,Ryanair,B738,EI-DWF,C,FALSE,,
01-Apr-26,10:20,EI603,Amsterdam (AMS),AMS,Aer Lingus,A320,EI-DEK,C,FALSE,,
01-Apr-26,10:20,EI3321,Manchester (MAN),MAN,Aer Lingus Regional,AT76,EI-HPJ,B,FALSE,,
01-Apr-26,10:20,FR3881,Dubrovnik (DBV),DBV,Ryanair,B38M,SP-RZX,C,FALSE,,
01-Apr-26,10:25,FR505,Bristol (BRS),BRS,Ryanair,B738,9H-QCO,C,FALSE,,
01-Apr-26,10:25,FR817,Edinburgh (EDI),EDI,Ryanair,B38M,9H-VUI,C,FALSE,,
01-Apr-26,10:25,KL1137,Amsterdam (AMS),AMS,KLM,B738,PH-BXY,C,FALSE,,
01-Apr-26,10:30,VJT449,Farnborough (FAB),FAB,VistaJet,CL35,9H-VCO,C,FALSE,,
01-Apr-26,10:35,EI124,Chicago (ORD),ORD,Aer Lingus,A333,EI-EIL,E,TRUE,,
01-Apr-26,10:35,BA4462,London (LCY),LCY,British Airways,E190,G-LCYP,C,FALSE,,
01-Apr-26,10:40,UA228,Washington (IAD),IAD,United Airlines,B752,N18112,D,TRUE,,
01-Apr-26,10:40,N/A,London (LCY),LCY,NetJets,C68A,CS-LUD,C,FALSE,,
01-Apr-26,10:43,DL176,New York (JFK),JFK,Delta Air Lines,B764,N825MH,D,TRUE,,
01-Apr-26,10:45,DL154,Boston (BOS),BOS,Delta Air Lines,B763,N178DZ,D,TRUE,,
01-Apr-26,10:45,EI3351,Newcastle (NCL),NCL,Aer Lingus Regional,AT76,EI-HDK,B,FALSE,,
01-Apr-26,10:55,EI3551,Edinburgh (EDI),EDI,Aer Lingus Regional,AT76,EI-GPN,B,FALSE,,
01-Apr-26,10:55,FR421,Amsterdam (AMS),AMS,Ryanair,B738,SP-RKH,C,FALSE,,
01-Apr-26,10:55,SK535,Stockholm (ARN),ARN,SAS,A20N,EI-SIW,C,FALSE,,
01-Apr-26,11:00,EI3301,Southampton (SOU),SOU,Aer Lingus Regional,AT76,EI-HPK,B,FALSE,,
01-Apr-26,11:00,FR5126,Hamburg (HAM),HAM,Ryanair,B738,EI-EBL,C,FALSE,,
01-Apr-26,11:05,EI631,Brussels (BRU),BRU,Aer Lingus (Retro livery),A320,EI-DVM,C,FALSE,,
01-Apr-26,11:05,FI416,Reykjavik (KEF),KEF,Icelandair,B38M,TF-ICP,C,FALSE,,
01-Apr-26,11:10,UA317,New York (EWR),EWR,United Airlines,B752,N17126,D,TRUE,,
01-Apr-26,11:10,FR115,London (LGW),LGW,Ryanair,B738,SP-RNP,C,FALSE,,
01-Apr-26,11:15,EI521,Paris (CDG),CDG,Aer Lingus,A21N,EI-LRD,C,FALSE,,
01-Apr-26,11:15,FR658,Brussels (BRU),BRU,Ryanair,B738,SP-RKV,C,FALSE,,
01-Apr-26,11:20,EI155,London (LHR),LHR,Aer Lingus,A20N,EI-NSG,C,FALSE,,
01-Apr-26,11:25,EI693,Dusseldorf (DUS),DUS,Aer Lingus,A320,EI-GAM,C,FALSE,,
01-Apr-26,11:25,FR2413,Memmingen (FMM),FMM,Ryanair,B738,EI-GXK,C,FALSE,,
01-Apr-26,11:25,LM51,Aberdeen (ABZ),ABZ,Loganair,AT76,G-LMTI,B,FALSE,,
01-Apr-26,11:30,EI681,Geneva (GVA),GVA,Aer Lingus,A320,EI-DEM,C,FALSE,,
01-Apr-26,11:35,FR535,Nottingham (EMA),EMA,Malta Air,B38M,9H-VUF,C,FALSE,,
01-Apr-26,11:35,FR612,Kerry (KIR),KIR,Ryanair,B738,SP-RKD,C,FALSE,,
01-Apr-26,11:35,LH978,Frankfurt (FRA),FRA,Lufthansa (Superstar Heritage Livery),A321,D-AISZ,C,FALSE,,
01-Apr-26,11:40,EI108,New York (JFK),JFK,Aer Lingus,A21N,EI-LRF,C,TRUE,,
01-Apr-26,11:45,EI60,San Francisco (SFO),SFO,Aer Lingus,A333,EI-EIM,E,TRUE,,
01-Apr-26,11:45,FR4845,Milan (BGY),BGY,Ryanair,B38M,EI-ILJ,C,FALSE,,
01-Apr-26,11:50,EI503,Bordeaux (BOD),BOD,Aer Lingus,A20N,EI-NSB,C,FALSE,,
01-Apr-26,11:50,SK537,Copenhagen (CPH),CPH,SAS,A20N,EI-SID,C,FALSE,,
01-Apr-26,12:00,FR942,Palma de Mallorca (PMI),PMI,Ryanair,B738,EI-DPN,C,FALSE,,
01-Apr-26,12:00,FR7031,Faro (FAO),FAO,Ryanair,B738,EI-DPP,C,FALSE,,
01-Apr-26,12:05,BA828,London (LHR),LHR,British Airways,A320,G-EUYL,C,FALSE,,
01-Apr-26,12:05,EI333,Berlin (BER),BER,Aer Lingus,A320,EI-DVG,C,FALSE,,
01-Apr-26,12:05,EW9394,Dusseldorf (DUS),DUS,Eurowings,A319,D-AGWG,C,FALSE,,
01-Apr-26,12:10,EI651,Frankfurt (FRA),FRA,Aer Lingus,A320,EI-DEL,C,FALSE,,
01-Apr-26,12:10,FR1902,Krakow (KRK),KRK,Ryanair,B38M,EI-IFW,C,FALSE,,
01-Apr-26,12:10,LX400,Zurich (ZRH),ZRH,Swiss,A20N,HB-JDF,C,FALSE,,
01-Apr-26,12:15,FR1949,Luxembourg (LUX),LUX,Ryanair,B738,9H-QAD,C,FALSE,,
01-Apr-26,12:20,EI593,Madrid (MAD),MAD,Aer Lingus,A320,EI-FNJ,C,FALSE,,
01-Apr-26,12:20,EK161,Dubai (DXB),DXB,Emirates,B77W,A6-EQA,C,FALSE,,
01-Apr-26,12:25,EA3555,Edinburgh (EDI),EDI,Aer Lingus Regional,AT76,EI-GPO,B,FALSE,,
01-Apr-26,12:30,FR555,Manchester (MAN),MAN,Ryanair,B738,SP-RSQ,C,FALSE,,
01-Apr-26,12:35,FR7763,Alicante (ALC),ALC,Ryanair,B38M,EI-IJD,C,FALSE,,
01-Apr-26,12:40,KL1139,Amsterdam (AMS),AMS,KLM,E295,PH-NXF,C,FALSE,,
01-Apr-26,12:45,EI205,Manchester (MAN),MAN,Aer Lingus,A21N,EI-XLV,C,FALSE,,
01-Apr-26,12:50,EI343,Zurich (ZRH),ZRH,Aer Lingus,A320,EI-DEP,C,FALSE,,
01-Apr-26,12:50,EI563,Barcelona (BCN),BCN,Aer Lingus,A20N,EI-NSD,C,FALSE,,
01-Apr-26,12:55,EI433,Milan (LIN),LIN,Aer Lingus,A320,EI-DVN,C,FALSE,,
01-Apr-26,13:00,FR7047,Malaga (AGP),AGP,Ryanair,B38M,EI-ILC,C,FALSE,,
01-Apr-26,13:00,PC1157,Istanbul (SAW),SAW,Pegasus,A21N,TC-RFS,C,FALSE,,
01-Apr-26,13:05,EI353,Munich (MUC),MUC,Aer Lingus,A320,EI-DVH,C,FALSE,,
01-Apr-26,13:05,FR663,Birmingham (BHX),BHX,Ryanair,B738,SP-RKM,C,FALSE,,
01-Apr-26,13:05,FR2702,Seville (SVQ),SVQ,Ryanair,B38M,EI-IFS,C,FALSE,,
01-Apr-26,13:05,FR7359,Bari (BRI),BRI,Ryanair,B38M,EI-IHC,C,FALSE,,
01-Apr-26,13:10,FR1112,London (LGW),LGW,Ryanair,B738,9H-QCT,C,FALSE,,
01-Apr-26,13:15,EI50,Las Vegas (LAS),LAS,Aer Lingus,A332,EI-DUO,E,TRUE,,
01-Apr-26,13:15,EI3323,Manchester (MAN),MAN,Aer Lingus Regional,AT76,EI-HNA,B,FALSE,,
01-Apr-26,13:15,FR443,Liverpool (LPL),LPL,Ryanair,B738,EI-DLD,C,FALSE,,
01-Apr-26,13:15,FR5020,Pisa (PSA),PSA,Ryanair,B38M,EI-IHY,C,FALSE,,
01-Apr-26,13:25,EI643,Prague (PRG),PRG,Aer Lingus,A320,EI-EDS,C,FALSE,,
01-Apr-26,13:25,FR5569,Rome (FCO),FCO,Ryanair,B38M,EI-HMZ,C,FALSE,,
01-Apr-26,13:25,LG4883,Luxembourg (LUX),LUX,Luxair,DH8D,LX-LQB,B,FALSE,,
01-Apr-26,13:30,EI159,London (LHR),LHR,Aer Lingus,A20N,EI-NSH,C,FALSE,,
01-Apr-26,13:35,EI403,Rome (FCO),FCO,Aer Lingus,A320,EI-EDP,C,FALSE,,
01-Apr-26,13:35,FR7379,Marrakesh (RAK),RAK,Ryanair,B738,SP-RNS,C,FALSE,,
01-Apr-26,13:40,EI661,Vienna (VIE),VIE,Aer Lingus,A320,EI-DVL,C,FALSE,,
01-Apr-26,13:40,EA3253,Edinburgh (EDI),EDI,Aer Lingus Regional,AT76,EI-FAT,B,FALSE,,
01-Apr-26,13:45,EI3265,Birmingham (BHX),BHX,Aer Lingus Regional,AT76,EI-GZV,B,FALSE,,
01-Apr-26,14:00,EI605,Amsterdam (AMS),AMS,Aer Lingus,A21N,EI-XLW,C,FALSE,,
01-Apr-26,14:05,EI451,Naples (NAP),NAP,Aer Lingus,A320,EI-GAL,C,FALSE,,
01-Apr-26,14:10,EI525,Paris (CDG),CDG,Aer Lingus,A21N,EI-LRA,C,FALSE,,
01-Apr-26,14:10,FR11,Madrid (MAD),MAD,Ryanair,B38M,EI-HGY,C,FALSE,,
01-Apr-26,14:15,FR9583,Iasi (IAS),IAS,Ryanair,B38M,EI-IHM,C,FALSE,,
01-Apr-26,14:20,EI3193,Liverpool (LPL),LPL,Aer Lingus Regional,AT76,EI-GPN,B,FALSE,,
01-Apr-26,14:20,EA3267,Birmingham (BHX),BHX,Aer Lingus Regional,AT76,EI-HPJ,B,FALSE,,
01-Apr-26,14:25,FR3994,Agadir (AGA),AGA,Ryanair,B738,EI-EVJ,C,FALSE,,
01-Apr-26,14:30,FR117,London (LGW),LGW,Ryanair,B738,9H-QAL,C,FALSE,,
01-Apr-26,14:30,FR203,London (STN),STN,Ryanair,B738,9H-QCF,C,FALSE,,
01-Apr-26,14:35,BA830,London (LHR),LHR,British Airways,A21N,G-NEOV,C,FALSE,,
01-Apr-26,14:35,EA3227,Glasgow (GLA),GLA,Aer Lingus Regional,AT76,EI-HPK,B,FALSE,,
01-Apr-26,14:40,EA3255,Edinburgh (EDI),EDI,Aer Lingus Regional,AT76,EI-HDK,B,FALSE,,
01-Apr-26,14:45,EI493,Faro (FAO),FAO,Aer Lingus,A320,EI-DVE,C,FALSE,,
01-Apr-26,14:45,EI581,Malaga (AGP),AGP,Aer Lingus,A333,EI-FNG,E,FALSE,,
01-Apr-26,14:45,FR327,Bucharest (OTP),OTP,Ryanair,B38M,9H-VVJ,C,FALSE,,
01-Apr-26,14:50,EI163,London (LHR),LHR,Aer Lingus,A20N,EI-NSE,C,FALSE,,
01-Apr-26,14:50,EI393,Hamburg (HAM),HAM,Aer Lingus,A320,EI-DEI,C,FALSE,,
01-Apr-26,14:50,EI673,Budapest (BUD),BUD,Aer Lingus,A320,EI-DVK,C,FALSE,,
01-Apr-26,14:50,FR557,Manchester (MAN),MAN,Ryanair,B738,EI-DPN,C,FALSE,,
01-Apr-26,15:00,H4473,Chisinau (RMO),RMO,HiSky,A320,YR-SKY,C,FALSE,,
01-Apr-26,15:05,BA4464,London (LCY),LCY,British Airways,E190,G-LCYP,C,FALSE,,
01-Apr-26,15:05,FR507,Bristol (BRS),BRS,Ryanair,B38M,EI-IJA,C,FALSE,,
01-Apr-26,15:05,FR7033,Faro (FAO),FAO,Ryanair,B38M,EI-HMW,C,FALSE,,
01-Apr-26,15:10,EI533,Toulouse (TLS),TLS,Aer Lingus,A320,EI-DEJ,C,FALSE,,
01-Apr-26,15:10,FR331,London (LTN),LTN,Ryanair,B38M,EI-ILJ,C,FALSE,,
01-Apr-26,15:10,FR5556,Tenerife (TFS),TFS,Ryanair,B38M,EI-HEN,C,FALSE,,
01-Apr-26,15:16,UNI135,Innsbruck (INN),INN,Unicair,LJ45,D-CHLP,C,FALSE,,
01-Apr-26,15:25,AF1816,Paris (CDG),CDG,Air France,BCS3,F-HZUJ,C,FALSE,,
01-Apr-26,15:25,FR7236,Malta (MLA),MLA,Ryanair,B738,EI-EBY,C,FALSE,,
01-Apr-26,15:25,QR17,Doha (DOH),DOH,Qatar Airways,B789,A7-BHK,E,FALSE,,
01-Apr-26,15:30,EI209,Manchester (MAN),MAN,Aer Lingus,A320,EI-DEK,C,FALSE,,
01-Apr-26,15:30,FR153,Leeds (LBA),LBA,Ryanair,B738,9H-QAD,C,FALSE,,
01-Apr-26,15:32,N/A,Split (SPU),SPU,Croatia Airlines,BCS3,9A-CAM,C,FALSE,,
01-Apr-26,15:35,FR3007,Amsterdam (AMS),AMS,Ryanair,B738,SP-RNP,C,FALSE,,
01-Apr-26,15:45,EI165,London (LHR),LHR,Aer Lingus,A20N,EI-NSB,C,FALSE,,
01-Apr-26,15:55,FR1115,Reus (REU),REU,Ryanair,B738,SP-RND,C,FALSE,,
01-Apr-26,16:00,FR1557,Manchester (MAN),MAN,Ryanair,B738,9H-QBZ,C,FALSE,,
01-Apr-26,16:00,TK1977,Istanbul (IST),IST,Turkish Airlines,B39M,TC-LYA,C,FALSE,,
01-Apr-26,16:05,BA4466,London (LCY),LCY,British Airways,E190,G-LCYN,C,FALSE,,
01-Apr-26,16:05,FR665,Birmingham (BHX),BHX,Ryanair,B38M,EI-ILC,C,FALSE,,
01-Apr-26,16:05,FR5911,Lanzarote (ACE),ACE,Ryanair,B38M,9H-VUQ,C,FALSE,,
01-Apr-26,16:10,FR95,Gran Canaria (LPA),LPA,Ryanair,B38M,9H-VUZ,C,FALSE,,
01-Apr-26,16:15,FR1739,Valencia (VLC),VLC,Ryanair,B38M,EI-HET,C,FALSE,,
01-Apr-26,16:20,EI777,Lanzarote (ACE),ACE,Aer Lingus,A320,EI-DES,C,FALSE,,
01-Apr-26,16:35,EI161,London (LHR),LHR,Aer Lingus,A20N,EI-NSA,C,FALSE,,
01-Apr-26,16:35,N/A,Shannon (SNN),SNN,Aer Lingus,A320,EI-GAM,C,FALSE,,
01-Apr-26,16:40,FR5150,Glasgow (GLA),GLA,Ryanair,B738,9H-QCT,C,FALSE,,
01-Apr-26,16:40,KL1141,Amsterdam (AMS),AMS,KLM,E190,PH-EZN,C,FALSE,,
01-Apr-26,16:45,EA3257,Edinburgh (EDI),EDI,Aer Lingus Regional,AT76,EI-GPO,B,FALSE,,
01-Apr-26,16:45,FX5201,Liege (LGG),LGG,FedEx,B763,N107FE,D,FALSE,,
01-Apr-26,16:50,LH980,Frankfurt (FRA),FRA,Lufthansa,A321,D-AIRX,C,FALSE,,
01-Apr-26,16:55,VL2518,Munich (MUC),MUC,Lufthansa City,A20N,D-AIJH,C,FALSE,,
01-Apr-26,17:00,BA832,London (LHR),LHR,British Airways,A21N,G-TNEJ,C,FALSE,,
01-Apr-26,17:00,FR119,London (LGW),LGW,Ryanair,B38M,EI-IHC,C,FALSE,,
01-Apr-26,17:05,EI763,Tenerife (TFS),TFS,Aer Lingus,A320,EI-DVI,C,FALSE,,
01-Apr-26,17:05,FR4785,Newquay (NQY),NQY,Ryanair,B738,SP-RNS,C,FALSE,,
01-Apr-26,17:05,FR5071,Copenhagen (CPH),CPH,Ryanair,B38M,EI-IJN,C,FALSE,,
01-Apr-26,17:05,FR6186,Palma de Mallorca (PMI),PMI,Ryanair,B738,9H-QCO,C,FALSE,,
01-Apr-26,17:10,EI545,Nice (NCE),NCE,Aer Lingus,A320,EI-DER,C,FALSE,,
01-Apr-26,17:10,FR813,Edinburgh (EDI),EDI,Ryanair,B38M,EI-HMZ,C,FALSE,,
01-Apr-26,17:15,AY1385,Helsinki (HEL),HEL,Jettime,B738,OY-JZT,C,FALSE,,
01-Apr-26,17:15,EI167,London (LHR),LHR,Aer Lingus,A20N,EI-NSD,C,FALSE,,
01-Apr-26,17:15,EI3225,Glasgow (GLA),GLA,Aer Lingus Regional,AT76,EI-HNA,B,FALSE,,
01-Apr-26,17:15,FR338,London (LTN),LTN,Ryanair,B38M,EI-IFS,C,FALSE,,
01-Apr-26,17:18,N/A,Exeter (EXT),EXT,Aer Lingus Regional,AT76,EI-HPK,B,FALSE,,
01-Apr-26,17:20,EI527,Paris (CDG),CDG,Aer Lingus,A320,EI-FNJ,C,FALSE,,
01-Apr-26,17:20,FR262,Alicante (ALC),ALC,Ryanair,B38M,9H-VUL,C,FALSE,,
01-Apr-26,17:20,EI3331,Exeter (EXT),EXT,Aer Lingus Regional,AT76,EI-HPK,B,FALSE,,
01-Apr-26,17:30,FR1443,Liverpool (LPL),LPL,Ryanair,B738,9H-QBD,C,FALSE,,
01-Apr-26,17:35,FR7045,Malaga (AGP),AGP,Ryanair,B738,EI-GXG,C,FALSE,,
01-Apr-26,17:40,EI609,Amsterdam (AMS),AMS,Aer Lingus,A320,EI-DEP,C,FALSE,,
01-Apr-26,17:45,EI405,Rome (FCO),FCO,Aer Lingus,A320,EI-DEH,C,FALSE,,
01-Apr-26,17:45,FR651,Lisbon (LIS),LIS,Ryanair,B738,SP-RKH,C,FALSE,,
01-Apr-26,17:45,FR9474,Nantes (NTE),NTE,Ryanair,B38M,EI-IHY,C,FALSE,,
01-Apr-26,17:50,EI3273,Birmingham (BHX),BHX,Aer Lingus Regional,AT76,EI-FAT,B,FALSE,,
01-Apr-26,17:50,FR289,London (STN),STN,Ryanair,B738,EI-EVT,C,FALSE,,
01-Apr-26,17:50,FR4037,Milan (BGY),BGY,Ryanair,B38M,EI-ILO,C,FALSE,,
01-Apr-26,17:50,LX404,Zurich (ZRH),ZRH,Swiss,BCS1,HB-JBI,C,FALSE,,
01-Apr-26,17:54,5X207,Louisville (SDF),SDF,UPS,B763,N346UP,D,FALSE,,
01-Apr-26,17:55,FR312,Stockholm (ARN),ARN,Ryanair,B38M,EI-IKC,C,FALSE,,
01-Apr-26,17:55,FR2191,Zagreb (ZAG),ZAG,Lauda Europe,A320,9H-LOI,C,FALSE,,
01-Apr-26,17:58,N/A,Birmingham (BHX),BHX,Aer Lingus Regional,AT76,EI-FAT,B,FALSE,,
01-Apr-26,18:00,EI743,Santiago de Compostela (SCQ),SCQ,Aer Lingus,A320,EI-DEL,C,FALSE,,
01-Apr-26,18:00,FR97,Prague (PRG),PRG,Ryanair,B38M,EI-IFW,C,FALSE,,
01-Apr-26,18:05,EI553,Lyon (LYS),LYS,Aer Lingus,A320,EI-DEM,C,FALSE,,
01-Apr-26,18:05,FR7366,Vienna (VIE),VIE,Ryanair,B738,SP-RKV,C,FALSE,,
01-Apr-26,18:05,N/A,Isle of Man (IOM),IOM,Aer Lingus Regional,AT76,EI-HPJ,B,FALSE,,
01-Apr-26,18:10,EI3217,Isle of Man (IOM),IOM,Aer Lingus,AT7,,B,FALSE,,
01-Apr-26,18:20,EI169,London (LHR),LHR,Aer Lingus,A20N,EI-NSH,C,FALSE,,
01-Apr-26,18:20,FR5433,Ibiza (IBZ),IBZ,Ryanair,B738,SP-RKD,C,FALSE,,
01-Apr-26,18:20,SK2537,Copenhagen (CPH),CPH,SAS,A20N,EI-SIB,C,FALSE,,
01-Apr-26,18:25,AF1116,Paris (CDG),CDG,Air France,BCS3,F-HZUU,C,FALSE,,
01-Apr-26,18:35,EA3931,Newquay (NQY),NQY,Aer Lingus Regional,AT76,EI-HDK,B,FALSE,,
01-Apr-26,18:40,BA4472,London (LCY),LCY,British Airways,E190,G-LCYS,C,FALSE,,
01-Apr-26,18:40,FR5307,Kerry (KIR),KIR,Ryanair,B738,SP-RNP,C,FALSE,,
01-Apr-26,18:40,FR7035,Faro (FAO),FAO,Ryanair,B738,EI-GXK,C,FALSE,,
01-Apr-26,18:45,EA3243,Aberdeen (ABZ),ABZ,Aer Lingus Regional,AT76,EI-GPN,B,FALSE,,
01-Apr-26,18:45,FR1453,Brussels (BRU),BRU,Ryanair,B738,SP-RKM,C,FALSE,,
01-Apr-26,18:50,BA810,London (LHR),LHR,British Airways,A320,G-EUUJ,C,FALSE,,
01-Apr-26,18:55,N/A,Shannon (SNN),SNN,Aer Lingus,A320,EI-GAM,C,FALSE,,
01-Apr-26,19:00,FR121,London (LGW),LGW,Ryanair,B738,9H-QCF,C,FALSE,,
01-Apr-26,19:05,FR667,Birmingham (BHX),BHX,Ryanair,B38M,EI-ILJ,C,FALSE,,
01-Apr-26,19:05,FR7407,Palma de Mallorca (PMI),PMI,Lauda Europe,A320,9H-LMB,C,FALSE,,
01-Apr-26,19:05,SK2565,Stockholm (ARN),ARN,SAS,A20N,EI-SIU,C,FALSE,,
01-Apr-26,19:10,FR1959,Nice (NCE),NCE,Ryanair,B738,SP-RSQ,C,FALSE,,
01-Apr-26,19:10,FR3101,Amsterdam (AMS),AMS,Ryanair,B738,9H-QAL,C,FALSE,,
01-Apr-26,19:15,EI749,Bilbao (BIO),BIO,Aer Lingus,A320,EI-EDS,C,FALSE,,
01-Apr-26,19:15,FR6874,Barcelona (BCN),BCN,Ryanair,B38M,EI-IJD,C,FALSE,,
01-Apr-26,19:20,FR205,London (STN),STN,Ryanair,B738,EI-DLV,C,FALSE,,
01-Apr-26,19:20,FR1924,Warsaw (WMI),WMI,Ryanair,B738,SP-RSG,C,FALSE,,
01-Apr-26,19:30,BA834,London (LHR),LHR,British Airways,A20N,G-TTSA,C,FALSE,,
01-Apr-26,19:30,BA4468,London (LCY),LCY,British Airways,E190,G-LCYP,C,FALSE,,
01-Apr-26,19:35,EI173,London (LHR),LHR,Aer Lingus,A20N,EI-NSE,C,FALSE,,
01-Apr-26,19:35,FR1861,Paris (BVA),BVA,Ryanair,B38M,EI-IJZ,C,FALSE,,
01-Apr-26,19:35,FR4284,Marseille (MRS),MRS,Ryanair,B738,EI-DCJ,C,FALSE,,
01-Apr-26,20:10,EI585,Malaga (AGP),AGP,Aer Lingus (Retro livery),A320,EI-DVM,C,FALSE,,
01-Apr-26,20:10,FR7055,Malaga (AGP),AGP,Ryanair,B738,EI-DPP,C,FALSE,,
01-Apr-26,20:10,FR8112,Faro (FAO),FAO,Ryanair,B738,9H-QBP,C,FALSE,,
01-Apr-26,20:20,DN507,Bucharest (OTP),OTP,Dan Air,A320,YR-JUL,C,FALSE,,
01-Apr-26,20:20,FR5347,Katowice (KTW),KTW,Ryanair,B738,SP-RNG,C,FALSE,,
01-Apr-26,20:20,FR7079,Porto (OPO),OPO,Ryanair,B38M,EI-IFZ,C,FALSE,,
01-Apr-26,20:25,FR341,London (LTN),LTN,Ryanair,B738,9H-QFE,C,FALSE,,
01-Apr-26,20:30,FR7063,Alicante (ALC),ALC,Ryanair,B38M,EI-IHA,C,FALSE,,
01-Apr-26,20:35,FR456,Leeds (LBA),LBA,Ryanair,B38M,9H-VVL,C,FALSE,,
01-Apr-26,20:35,FR5325,Kosice (KSC),KSC,Ryanair,B38M,EI-IHM,C,FALSE,,
01-Apr-26,20:38,5X249,Shannon (SNN),SNN,UPS,B763,N391UP,D,FALSE,,
01-Apr-26,20:40,FR1975,Poznan (POZ),POZ,Ryanair,B738,SP-RSU,C,FALSE,,
01-Apr-26,20:45,FR3382,Manchester (MAN),MAN,Ryanair,B738,SP-RND,C,FALSE,,
01-Apr-26,20:55,EI177,London (LHR),LHR,Aer Lingus,A20N,EI-NSA,C,FALSE,,
01-Apr-26,20:55,EI3229,Glasgow (GLA),GLA,Aer Lingus Regional,AT76,EI-HPK,B,FALSE,,
01-Apr-26,20:55,VY8722,Barcelona (BCN),BCN,Vueling,A20N,EC-NIY,C,FALSE,,
01-Apr-26,21:10,EA3343,Jersey (JER),JER,Aer Lingus Regional,AT76,EI-GPO,B,FALSE,,
01-Apr-26,21:10,FR815,Edinburgh (EDI),EDI,Ryanair,B738,SP-RKV,C,FALSE,,
01-Apr-26,21:17,5O4394,Shannon (SNN),SNN,ASL Airlines,B738,F-HIQB,C,FALSE,,
01-Apr-26,21:20,FR291,London (STN),STN,Ryanair,B738,EI-EVT,C,FALSE,,
01-Apr-26,21:20,FR494,Madrid (MAD),MAD,Ryanair,B38M,EI-HGY,C,FALSE,,
01-Apr-26,21:21,N/A,Donegal (CFN),CFN,Aer Lingus Regional,AT76,EI-HPJ,B,FALSE,,
01-Apr-26,21:25,FR449,Liverpool (LPL),LPL,Ryanair,B38M,EI-IFT,C,FALSE,,
01-Apr-26,21:25,FR509,Bristol (BRS),BRS,Ryanair,B38M,EI-IKR,C,FALSE,,
01-Apr-26,21:30,EI277,Birmingham (BHX),BHX,Aer Lingus,A320,EI-DEL,C,FALSE,,
01-Apr-26,21:30,EI3409,Donegal (CFN),CFN,Aer Lingus,AT7,,B,FALSE,,
01-Apr-26,21:30,FR559,Manchester (MAN),MAN,Ryanair,B738,9H-QAR,C,FALSE,,
01-Apr-26,21:35,EI3309,Southampton (SOU),SOU,Aer Lingus,AT7,,B,FALSE,,
01-Apr-26,21:35,N/A,Southampton (SOU),SOU,Aer Lingus Regional,AT76,EI-HNA,B,FALSE,,
01-Apr-26,21:40,N/A,Bristol (BRS),BRS,Aer Lingus Regional,AT76,EI-GZV,B,FALSE,,
01-Apr-26,21:45,EI657,Frankfurt (FRA),FRA,Aer Lingus,A320,EI-DEK,C,FALSE,,
01-Apr-26,21:45,EI3259,Edinburgh (EDI),EDI,Aer Lingus,AT7,,B,FALSE,,
01-Apr-26,21:45,EI3289,Bristol (BRS),BRS,Aer Lingus,AT7,,B,FALSE,,
01-Apr-26,21:49,N/A,Edinburgh (EDI),EDI,Aer Lingus Regional,AT76,EI-FAT,B,FALSE,,
01-Apr-26,21:50,BA4470,London (LCY),LCY,British Airways,E190,G-LCAH,C,FALSE,,
01-Apr-26,21:50,FR17,Newcastle (NCL),NCL,Ryanair,B738,SP-RKM,C,FALSE,,
01-Apr-26,22:00,EI699,Dusseldorf (DUS),DUS,Aer Lingus,A320,EI-DEJ,C,FALSE,,
01-Apr-26,22:00,FR3103,Amsterdam (AMS),AMS,Ryanair,B738,SP-RKH,C,FALSE,,
01-Apr-26,22:00,FR3670,Berlin (BER),BER,Ryanair,B38M,9H-VUZ,C,FALSE,,
01-Apr-26,22:05,EI357,Munich (MUC),MUC,Aer Lingus,A20N,EI-NSB,C,FALSE,,
01-Apr-26,22:05,EI639,Brussels (BRU),BRU,Aer Lingus,A320,EI-FNJ,C,FALSE,,
01-Apr-26,22:05,EI757,Seville (SVQ),SVQ,Aer Lingus,A320,EI-DVH,C,FALSE,,
01-Apr-26,22:05,EI3329,Manchester (MAN),MAN,Aer Lingus,AT7,,B,FALSE,,
01-Apr-26,22:05,N/A,Manchester (MAN),MAN,Aer Lingus Regional,AT76,EI-HDK,B,FALSE,,
01-Apr-26,22:10,EI349,Zurich (ZRH),ZRH,Aer Lingus,A320,EI-DVE,C,FALSE,,
01-Apr-26,22:10,FR9612,Rome (FCO),FCO,Ryanair,B738,EI-DPN,C,FALSE,,
01-Apr-26,22:15,FR123,London (LGW),LGW,Ryanair,B738,SP-RKD,C,FALSE,,
01-Apr-26,22:15,LH982,Frankfurt (FRA),FRA,Lufthansa,A321,D-AIRL,C,FALSE,,
01-Apr-26,22:20,EI611,Amsterdam (AMS),AMS,Aer Lingus,A20N,EI-NSD,C,FALSE,,
01-Apr-26,22:25,KL1145,Amsterdam (AMS),AMS,KLM,B738,PH-BXA,C,FALSE,,
01-Apr-26,22:30,EI183,London (LHR),LHR,Aer Lingus,A20N,EI-NSH,C,FALSE,,
01-Apr-26,22:30,EI3275,Birmingham (BHX),BHX,Aer Lingus,AT7,,B,FALSE,,
01-Apr-26,22:33,N/A,Birmingham (BHX),BHX,Aer Lingus Regional,AT76,EI-GPN,B,FALSE,,
01-Apr-26,22:35,FR669,Birmingham (BHX),BHX,Ryanair,B738,EI-DPP,C,FALSE,,
01-Apr-26,22:40,AF1016,Paris (CDG),CDG,Air France,BCS3,F-HZUK,C,FALSE,,
01-Apr-26,22:40,EI529,Paris (CDG),CDG,Aer Lingus,A320,EI-DEP,C,FALSE,,
01-Apr-26,22:50,FR8131,Malaga (AGP),AGP,Ryanair,B38M,EI-ILC,C,FALSE,,
01-Apr-26,23:05,EI497,Faro (FAO),FAO,Aer Lingus,A320,EI-DVN,C,FALSE,,
01-Apr-26,23:05,TK1173,Istanbul (IST),IST,Turkish Airlines,B39M,TC-LYC,C,FALSE,,
01-Apr-26,23:06,REV999,Nottingham (EMA),EMA,RVL Aviation,BE20,G-REXB,C,FALSE,,
01-Apr-26,23:10,EI337,Berlin (BER),BER,Aer Lingus,A320,EI-DER,C,FALSE,,
01-Apr-26,23:10,EI587,Malaga (AGP),AGP,Aer Lingus,A320,EI-DVK,C,FALSE,,
01-Apr-26,23:10,H4243,Iasi (IAS),IAS,HiSky,A320,YR-SKY,C,FALSE,,
01-Apr-26,23:20,FR210,London (STN),STN,Ryanair,B738,EI-DLV,C,FALSE,,
01-Apr-26,23:20,FR2024,Krakow (KRK),KRK,Ryanair,B38M,EI-IHC,C,FALSE,,
01-Apr-26,23:25,FR127,London (LGW),LGW,Ryanair,B738,SP-RSQ,C,FALSE,,
01-Apr-26,23:25,FR561,Manchester (MAN),MAN,Ryanair,B38M,EI-HGP,C,FALSE,,
01-Apr-26,23:25,FR8116,Nottingham (EMA),EMA,Ryanair,B738,EI-EBK,C,FALSE,,
01-Apr-26,23:35,FR5562,Glasgow (GLA),GLA,Ryanair,B738,SP-RND,C,FALSE,,
01-Apr-26,23:35,FR8108,Reus (REU),REU,Ryanair,B738,9H-QCO,C,FALSE,,
01-Apr-26,23:40,FR830,Venice (VCE),VCE,Ryanair,B38M,EI-IFS,C,FALSE,,
01-Apr-26,23:50,EI437,Milan (MXP),MXP,Aer Lingus,A320,EI-DES,C,FALSE,,
01-Apr-26,23:55,FR6908,Bydgoszcz (BZG),BZG,Ryanair,B38M,EI-IHY,C,FALSE,,
01-Apr-26,23:55,FR7137,Lisbon (LIS),LIS,Ryanair,B738,SP-RNS,C,FALSE,,
01-Apr-26,23:55,TP1326,Lisbon (LIS),LIS,TAP Express,E195,CS-TAX,C,FALSE,,
01-Apr-26,23:59,FR6131,Naples (NAP),NAP,Ryanair,B38M,9H-VUQ,C,FALSE,,
02-Apr-26,00:01,N/A,Teterboro (TEB),TEB,NetJets,GLEX,CS-GLD,C,FALSE,,
02-Apr-26,00:05,FR256,London (STN),STN,Ryanair,B38M,EI-IHM,C,FALSE,,
02-Apr-26,00:05,FR1026,Budapest (BUD),BUD,Ryanair,B38M,EI-HMZ,C,FALSE,,
02-Apr-26,00:20,EI779,Lanzarote (ACE),ACE,Aer Lingus,A320,EI-EDP,C,FALSE,,
02-Apr-26,00:20,FR6900,Palermo (PMO),PMO,Ryanair,B38M,EI-HET,C,FALSE,,
02-Apr-26,00:35,FR635,Cardiff (CWL),CWL,Ryanair,7M8,,C,FALSE,,
02-Apr-26,00:35,FR5243,Bodrum (BJV),BJV,Ryanair,B738,EI-EVJ,C,FALSE,,
02-Apr-26,00:45,EI765,Tenerife (TFS),TFS,Aer Lingus,A320,EI-GAL,C,FALSE,,
02-Apr-26,00:45,FR3096,Szczecin (SZZ),SZZ,Ryanair,B738,9H-QAL,C,FALSE,,
02-Apr-26,00:45,FR3781,Mahon (MAH),MAH,Ryanair,B738,9H-QBD,C,FALSE,,
02-Apr-26,00:50,FR883,Fuerteventura (FUE),FUE,Ryanair,B738,9H-QAD,C,FALSE,,
02-Apr-26,00:50,LH8321,Birmingham (BHX),BHX,Lufthansa Cargo,A321,D-AEUA,C,FALSE,,
02-Apr-26,00:52,OJ300,Karlsruhe / Baden-Baden (FKB),FKB,NyxAir,AT75,ES-NTC,B,FALSE,,
02-Apr-26,00:55,EI565,Barcelona (BCN),BCN,Aer Lingus,A320,EI-DEH,C,FALSE,,
02-Apr-26,00:55,FR1391,Thessaloniki (SKG),SKG,Ryanair,B38M,EI-HMW,C,FALSE,,
02-Apr-26,00:55,FR6920,Barcelona (BCN),BCN,Ryanair,B738,SP-RNP,C,FALSE,,
02-Apr-26,00:59,EI487,Lisbon (LIS),LIS,Aer Lingus,A320,EI-DVI,C,FALSE,,
02-Apr-26,01:01,FR1381,Split (SPU),SPU,Ryanair,B38M,EI-IFW,C,FALSE,,
02-Apr-26,01:01,FR4223,Bratislava (BTS),BTS,Ryanair,B38M,EI-IJD,C,FALSE,,
02-Apr-26,01:01,FR7125,Lanzarote (ACE),ACE,Ryanair,B38M,EI-HEN,C,FALSE,,
02-Apr-26,01:05,FR7001,Girona (GRO),GRO,Ryanair,B38M,EI-HGP,C,FALSE,,
02-Apr-26,01:10,FR9429,Milan (BGY),BGY,Ryanair,B738,9H-QCF,C,FALSE,,
02-Apr-26,01:15,FR7120,Tenerife (TFS),TFS,Ryanair,B38M,9H-VVJ,C,FALSE,,
02-Apr-26,01:49,XM358,Birmingham (BHX),BHX,Zimex Aviation,AT72,HB-AFJ,B,FALSE,,
02-Apr-26,03:32,N/A,Barcelona (BCN),BCN,Ryanair,B738,9H-QDR,C,FALSE,,
02-Apr-26,03:56,N/A,Nottingham (EMA),EMA,DHL,A306,D-AEAL,C,FALSE,,
02-Apr-26,04:30,EI104,New York (JFK),JFK,Aer Lingus,A333,EI-DUZ,E,TRUE,,
02-Apr-26,00:35,FR635,Cardiff (CWL),CWL,Ryanair,7M8,,C,FALSE,,
02-Apr-26,00:35,FR5243,Bodrum (BJV),BJV,Ryanair,B738,EI-EVJ,C,FALSE,,
02-Apr-26,00:45,EI765,Tenerife (TFS),TFS,Aer Lingus,A320,EI-GAL,C,FALSE,,
02-Apr-26,00:45,FR3096,Szczecin (SZZ),SZZ,Ryanair,B738,9H-QAL,C,FALSE,,
02-Apr-26,00:45,FR3781,Mahon (MAH),MAH,Ryanair,B738,9H-QBD,C,FALSE,,
02-Apr-26,00:50,FR883,Fuerteventura (FUE),FUE,Ryanair,B738,9H-QAD,C,FALSE,,
02-Apr-26,00:50,LH8321,Birmingham (BHX),BHX,Lufthansa Cargo,A321,D-AEUA,C,FALSE,,
02-Apr-26,00:52,OJ300,Karlsruhe / Baden-Baden (FKB),FKB,NyxAir,AT75,ES-NTC,B,FALSE,,
02-Apr-26,00:55,EI565,Barcelona (BCN),BCN,Aer Lingus,A320,EI-DEH,C,FALSE,,
02-Apr-26,00:55,FR1391,Thessaloniki (SKG),SKG,Ryanair,B38M,EI-HMW,C,FALSE,,
02-Apr-26,00:55,FR6920,Barcelona (BCN),BCN,Ryanair,B738,SP-RNP,C,FALSE,,
02-Apr-26,00:59,EI487,Lisbon (LIS),LIS,Aer Lingus,A320,EI-DVI,C,FALSE,,
02-Apr-26,01:01,FR1381,Split (SPU),SPU,Ryanair,B38M,EI-IFW,C,FALSE,,
02-Apr-26,01:01,FR4223,Bratislava (BTS),BTS,Ryanair,B38M,EI-IJD,C,FALSE,,
02-Apr-26,01:01,FR7125,Lanzarote (ACE),ACE,Ryanair,B38M,EI-HEN,C,FALSE,,
02-Apr-26,01:05,FR7001,Girona (GRO),GRO,Ryanair,B38M,EI-HGP,C,FALSE,,
02-Apr-26,01:10,FR9429,Milan (BGY),BGY,Ryanair,B738,9H-QCF,C,FALSE,,
02-Apr-26,01:15,FR7120,Tenerife (TFS),TFS,Ryanair,B38M,9H-VVJ,C,FALSE,,
02-Apr-26,01:49,XM358,Birmingham (BHX),BHX,Zimex Aviation,AT72,HB-AFJ,B,FALSE,,
02-Apr-26,03:32,N/A,Barcelona (BCN),BCN,Ryanair,B738,9H-QDR,C,FALSE,,
02-Apr-26,03:56,N/A,Nottingham (EMA),EMA,DHL,A306,D-AEAL,C,FALSE,,
02-Apr-26,04:30,EI104,New York (JFK),JFK,Aer Lingus,A333,EI-DUZ,E,TRUE,,
02-Apr-26,04:32,QY2886,Brussels (BRU),BRU,DHL,B738,EC-NUG,C,FALSE,,
02-Apr-26,04:35,EI132,Boston (BOS),BOS,Aer Lingus,A21N,EI-LRC,C,TRUE,,
02-Apr-26,04:38,FX5051,Indianapolis (IND),IND,FedEx,B763,N125FE,D,FALSE,,
02-Apr-26,04:45,5O4294,Paris (CDG),CDG,ASL Airlines,B738,F-HIQB,C,FALSE,,
02-Apr-26,04:52,5X248,Cologne (CGN),CGN,UPS,B763,N364UP,D,FALSE,,
02-Apr-26,05:10,EI122,Chicago (ORD),ORD,Aer Lingus,A333,EI-EDY,E,TRUE,,
02-Apr-26,05:10,EI126,Toronto (YYZ),YYZ,Aer Lingus,A333,EI-FNH,E,TRUE,,
02-Apr-26,05:11,QY2882,Leipzig (LEJ),LEJ,Titan Airways,A321,9H-ZTB,C,FALSE,,
02-Apr-26,05:15,EI100,New York (EWR),EWR,Aer Lingus,A21N,EI-LRF,C,TRUE,,
02-Apr-26,05:15,EI116,Washington (IAD),IAD,Aer Lingus,A21N,EI-XLR,C,TRUE,,
02-Apr-26,05:15,EI130,Windsor Locks (BDL),BDL,Aer Lingus,A21N,EI-LRD,C,TRUE,,
02-Apr-26,06:01,FX5202,London (STN),STN,FedEx,B763,N107FE,D,FALSE,,
02-Apr-26,06:30,AA722,Philadelphia (PHL),PHL,American Airlines,B788,N882BL,E,TRUE,,
02-Apr-26,07:00,FR559,Manchester (MAN),MAN,Ryanair,B738,EI-DLX,C,FALSE,,
02-Apr-26,07:00,HU751,Beijing (PEK),PEK,Hainan Airlines,A333,B-1021,E,FALSE,,
02-Apr-26,07:05,FR153,Leeds (LBA),LBA,Ryanair,B738,9H-QAT,C,FALSE,,
02-Apr-26,07:12,N/A,London (STN),STN,Ryanair,B738,9H-QAY,C,FALSE,,
02-Apr-26,07:20,UA310,Washington (IAD),IAD,United Airlines,B752,N14106,D,TRUE,,
02-Apr-26,07:20,FR3670,Berlin (BER),BER,Ryanair,B738,9H-QBF,C,FALSE,,
02-Apr-26,07:30,UA23,New York (EWR),EWR,United Airlines,B772,N78003,E,TRUE,,
02-Apr-26,07:30,FR11,Madrid (MAD),MAD,Ryanair,B738,9H-QBB,C,FALSE,,
02-Apr-26,07:30,FR23,Paris (BVA),BVA,Ryanair,B38M,EI-IGO,C,FALSE,,
02-Apr-26,07:40,FR7662,Poznan (POZ),POZ,Ryanair,B738,SP-RSB,C,FALSE,,
02-Apr-26,07:45,BA824,London (LHR),LHR,British Airways,A20N,G-TTSD,C,FALSE,,
02-Apr-26,07:45,QR19,Doha (DOH),DOH,Qatar Airways,B789,A7-BHO,E,FALSE,,
02-Apr-26,07:50,FR271,London (STN),STN,Ryanair,B38M,EI-IHP,C,FALSE,,
02-Apr-26,07:50,FR5020,Pisa (PSA),PSA,Ryanair,B38M,EI-ILN,C,FALSE,,
02-Apr-26,07:55,DL258,Minneapolis (MSP),MSP,Delta Air Lines,A333,N810NW,E,TRUE,,
02-Apr-26,07:55,LX402,Zurich (ZRH),ZRH,airBaltic,BCS3,YL-BTB,C,FALSE,,
02-Apr-26,08:00,FR1024,Budapest (BUD),BUD,Ryanair,B738,SP-RKN,C,FALSE,,
02-Apr-26,08:00,FR7007,Vienna (VIE),VIE,Lauda Europe,A320,9H-LOU,C,FALSE,,
02-Apr-26,08:05,BA4460,London (LCY),LCY,British Airways,E190,G-LCYL,C,FALSE,,
02-Apr-26,08:05,LH976,Frankfurt (FRA),FRA,Lufthansa,A319,D-AIBC,C,FALSE,,
02-Apr-26,08:10,FR435,Liverpool (LPL),LPL,Ryanair,B738,EI-EVJ,C,FALSE,,
02-Apr-26,08:15,EI88,Minneapolis (MSP),MSP,Aer Lingus,A21N,EI-XLV,C,TRUE,,
02-Apr-26,08:15,AC800,Toronto (YYZ),YYZ,Air Canada,B789,C-FNOE,E,TRUE,,
02-Apr-26,08:15,AF1616,Paris (CDG),CDG,Air France,BCS3,F-HZUV,C,FALSE,,
02-Apr-26,08:15,EI86,Cleveland (CLE),CLE,Aer Lingus,A21N,EI-XLW,C,TRUE,,
02-Apr-26,08:17,N/A,London (STN),STN,Ryanair,B738,9H-QAY,C,FALSE,,
02-Apr-26,08:20,FR262,Alicante (ALC),ALC,Ryanair,B738,EI-EBF,C,FALSE,,
02-Apr-26,08:20,KL1135,Amsterdam (AMS),AMS,KLM,E295,PH-NXU,C,FALSE,,
02-Apr-26,08:25,EI82,Indianapolis (IND),IND,Aer Lingus,A21N,EI-XLU,C,FALSE,,
02-Apr-26,08:25,EI136,Boston (BOS),BOS,Aer Lingus,A333,EI-FNG,E,TRUE,,
02-Apr-26,08:30,FR3881,Dubrovnik (DBV),DBV,Ryanair,B738,SP-RSC,C,FALSE,,
02-Apr-26,08:45,DL176,Atlanta (ATL),ATL,Delta Air Lines,B764,N825MH,D,TRUE,,
02-Apr-26,08:50,EI106,New York (JFK),JFK,Aer Lingus,A21N,EI-LRA,C,TRUE,,
02-Apr-26,08:50,EI3401,Donegal (CFN),CFN,Aer Lingus Regional,AT76,EI-GPO,B,FALSE,,
02-Apr-26,08:50,FR809,Edinburgh (EDI),EDI,Ryanair,B738,SP-RKV,C,FALSE,,
02-Apr-26,08:55,EI118,Washington (IAD),IAD,Aer Lingus,A21N,EI-LRE,C,TRUE,,
02-Apr-26,08:55,AY1381,Helsinki (HEL),HEL,Jettime,B738,OY-JYC,C,FALSE,,
02-Apr-26,08:55,EY45,Abu Dhabi (AUH),AUH,Etihad Airways,B789,A6-BLQ,E,FALSE,,
02-Apr-26,09:00,EI151,London (LHR),LHR,Aer Lingus,A20N,EI-NSG,C,FALSE,,
02-Apr-26,09:05,IB1881,Madrid (MAD),MAD,Iberia Express,A320,EC-KOH,C,FALSE,,
02-Apr-26,09:10,FR7045,Malaga (AGP),AGP,Ryanair,B738,EI-DWP,C,FALSE,,
02-Apr-26,09:10,VY8720,Barcelona (BCN),BCN,Vueling,A320,EC-MER,C,FALSE,,
02-Apr-26,09:15,DL44,New York (JFK),JFK,Delta Air Lines,B763,N1603,D,TRUE,,
02-Apr-26,09:15,EI203,Manchester (MAN),MAN,Aer Lingus,A320,EI-DEP,C,FALSE,,
02-Apr-26,09:20,EI120,Orlando (MCO),MCO,Aer Lingus,A333,EI-EIL,E,TRUE,,
02-Apr-26,09:20,EI263,Birmingham (BHX),BHX,Aer Lingus,A320,EI-DEL,C,FALSE,,
02-Apr-26,09:35,AA724,Charlotte (CLT),CLT,American Airlines,B772,N776AN,E,TRUE,,
02-Apr-26,09:35,TK1975,Istanbul (IST),IST,Turkish Airlines,A21N,TC-LSM,C,FALSE,,
02-Apr-26,09:40,BA826,London (LHR),LHR,British Airways,A320,G-EUUC,C,FALSE,,
02-Apr-26,09:40,FR363,Funchal (FNC),FNC,Ryanair,B38M,EI-IKN,C,FALSE,,
02-Apr-26,09:45,AA132,Dallas (DFW),DFW,American Airlines,B788,N812AA,E,TRUE,,
02-Apr-26,09:45,EI401,Rome (FCO),FCO,Aer Lingus,A320,EI-DVG,C,FALSE,,
02-Apr-26,09:45,UA980,Chicago (ORD),ORD,United Airlines,B788,N26906,E,TRUE,,
02-Apr-26,09:50,EA3221,Glasgow (GLA),GLA,Aer Lingus Regional,AT76,EI-GZV,B,FALSE,,
02-Apr-26,09:50,EA3251,Edinburgh (EDI),EDI,Aer Lingus Regional,AT76,EI-HPK,B,FALSE,,
02-Apr-26,09:50,EI3391,Leeds (LBA),LBA,Aer Lingus Regional,AT76,G-CMMT,B,FALSE,,
02-Apr-26,09:50,FR31,London (STN),STN,Ryanair,B38M,EI-IFW,C,FALSE,,
02-Apr-26,09:55,FR561,Manchester (MAN),MAN,Ryanair,B738,EI-DLX,C,FALSE,,
02-Apr-26,09:55,FR661,Birmingham (BHX),BHX,Ryanair,B38M,EI-IHM,C,FALSE,,
02-Apr-26,09:55,LH2516,Munich (MUC),MUC,Lufthansa,A321,D-AIRS,C,FALSE,,
02-Apr-26,09:59,N/A,Leeds (LBA),LBA,Aer Lingus Regional,AT76,EI-FAT,B,FALSE,,
02-Apr-26,10:00,EA3351,Newcastle (NCL),NCL,Aer Lingus Regional,AT76,EI-HPJ,B,FALSE,,
02-Apr-26,10:00,FR505,Bristol (BRS),BRS,Ryanair,B738,9H-QBD,C,FALSE,,
02-Apr-26,10:00,WS34,Toronto (YYZ),YYZ,WestJet,B38M,C-GRAG,C,TRUE,,
02-Apr-26,10:05,FR113,London (LGW),LGW,Ryanair,B738,SP-RKH,C,FALSE,,
02-Apr-26,10:05,FR275,Glasgow (GLA),GLA,Ryanair,B738,SP-RKD,C,FALSE,,
02-Apr-26,10:10,FR441,Liverpool (LPL),LPL,Ryanair,B738,EI-GSK,C,FALSE,,
02-Apr-26,10:15,EI153,London (LHR),LHR,Aer Lingus,A20N,EI-NSB,C,FALSE,,
02-Apr-26,10:15,FR1987,Nantes (NTE),NTE,Ryanair,B738,9H-QCF,C,FALSE,,
02-Apr-26,10:20,EI603,Amsterdam (AMS),AMS,Aer Lingus,A320,EI-EDS,C,FALSE,,
02-Apr-26,10:20,EI3321,Manchester (MAN),MAN,Aer Lingus Regional,AT76,EI-HDK,B,FALSE,,
02-Apr-26,10:20,N/A,Cardiff (CWL),CWL,Ryanair,B38M,EI-HGY,C,FALSE,,
02-Apr-26,10:25,KL1137,Amsterdam (AMS),AMS,KLM,B738,PH-BXZ,C,FALSE,,
02-Apr-26,10:25,SK4603,Oslo (OSL),OSL,SAS,32N,,C,FALSE,,
02-Apr-26,10:30,FR537,Nottingham (EMA),EMA,Ryanair,B38M,EI-ILA,C,FALSE,,
02-Apr-26,10:35,EI124,Chicago (ORD),ORD,Aer Lingus,A333,EI-GCF,E,TRUE,,
02-Apr-26,10:35,BA4462,London (LCY),LCY,British Airways,E190,G-LCAH,C,FALSE,,
02-Apr-26,10:35,FR1983,Biarritz (BIQ),BIQ,Ryanair,B38M,EI-IHY,C,FALSE,,
02-Apr-26,10:40,UA228,Washington (IAD),IAD,United Airlines,B752,N17128,D,TRUE,,
02-Apr-26,10:45,DL154,Boston (BOS),BOS,Delta Air Lines,B763,N177DZ,D,TRUE,,
02-Apr-26,10:45,EA3243,Aberdeen (ABZ),ABZ,Aer Lingus Regional,AT76,EI-GPN,B,FALSE,,
02-Apr-26,10:45,FR331,London (LTN),LTN,Ryanair,B38M,9H-VUZ,C,FALSE,,
02-Apr-26,10:55,EI3551,Edinburgh (EDI),EDI,Aer Lingus Regional,AT76,EI-HNA,B,FALSE,,
02-Apr-26,10:55,FR421,Amsterdam (AMS),AMS,Ryanair,B738,EI-DPP,C,FALSE,,
02-Apr-26,10:55,FR1985,Carcassonne (CCF),CCF,Ryanair,B38M,EI-HGP,C,FALSE,,
02-Apr-26,10:55,FR5126,Hamburg (HAM),HAM,Ryanair,B738,9H-QDR,C,FALSE,,
02-Apr-26,10:55,SK535,Stockholm (ARN),ARN,SAS,A20N,EI-SCE,C,FALSE,,
02-Apr-26,10:59,N/A,Edinburgh (EDI),EDI,Aer Lingus Regional,AT76,EI-HNA,B,FALSE,,
02-Apr-26,11:00,EI3301,Southampton (SOU),SOU,Aer Lingus Regional,AT76,EI-GPP,B,FALSE,,
02-Apr-26,11:05,EI631,Brussels (BRU),BRU,Aer Lingus,A320,EI-FNJ,C,FALSE,,
02-Apr-26,11:05,FR658,Brussels (BRU),BRU,Ryanair,B738,SP-RSQ,C,FALSE,,
02-Apr-26,11:10,FR115,London (LGW),LGW,Ryanair,B738,SP-RKM,C,FALSE,,
02-Apr-26,11:10,UA317,New York (EWR),EWR,United Airlines,B752,N13113,D,TRUE,,
02-Apr-26,11:15,EI521,Paris (CDG),CDG,Aer Lingus,A21N,EI-XLR,C,FALSE,,
02-Apr-26,11:15,GR686,Guernsey (GCI),GCI,Titan Airways,E190,G-POWX,C,FALSE,,
02-Apr-26,11:20,EI155,London (LHR),LHR,Aer Lingus,A20N,EI-NSE,C,FALSE,,
02-Apr-26,11:25,EI693,Dusseldorf (DUS),DUS,Aer Lingus,A320,EI-DES,C,FALSE,,
02-Apr-26,11:25,LM51,Aberdeen (ABZ),ABZ,Loganair,AT76,G-LMTE,B,FALSE,,
02-Apr-26,11:30,EI681,Geneva (GVA),GVA,Aer Lingus,A20N,EI-NSA,C,FALSE,,
02-Apr-26,11:30,XQ532,Antalya (AYT),AYT,SunExpress,B38M,TC-SMI,C,FALSE,,
02-Apr-26,11:35,FR612,Kerry (KIR),KIR,Ryanair,B38M,EI-HGY,C,FALSE,,
02-Apr-26,11:39,N/A,Farnborough (FAB),FAB,NetJets,E55P,CS-PHV,C,FALSE,,
02-Apr-26,11:40,EI108,New York (JFK),JFK,Aer Lingus,A21N,EI-LRG,C,TRUE,,
02-Apr-26,11:40,LH978,Frankfurt (FRA),FRA,Lufthansa,A321,D-AIRO,C,FALSE,,
02-Apr-26,11:45,EI60,San Francisco (SFO),SFO,Aer Lingus,A333,EI-EIN,E,TRUE,,
02-Apr-26,11:45,FR9457,Bologna (BLQ),BLQ,Ryanair,B38M,EI-HMW,C,FALSE,,
02-Apr-26,11:50,FR813,Edinburgh (EDI),EDI,Ryanair,B38M,EI-IFW,C,FALSE,,
02-Apr-26,11:50,SK537,Copenhagen (CPH),CPH,SAS,A20N,EI-SCH,C,FALSE,,
02-Apr-26,12:05,EI142,Cancun (CUN),CUN,Aer Lingus,A333,EI-GAJ,E,FALSE,,
02-Apr-26,12:05,BA828,London (LHR),LHR,British Airways,A21N,G-NEOP,C,FALSE,,
02-Apr-26,12:05,EI333,Berlin (BER),BER,Aer Lingus,A320,EI-DEJ,C,FALSE,,
02-Apr-26,12:05,WF372,Bergen (BGO),BGO,Wideroe,E290,LN-WEA,C,FALSE,,
02-Apr-26,12:10,EI651,Frankfurt (FRA),FRA,Aer Lingus,A320,EI-DEI,C,FALSE,,
02-Apr-26,12:10,FR651,Lisbon (LIS),LIS,Ryanair,B738,EI-EBK,C,FALSE,,
02-Apr-26,12:10,FR6874,Barcelona (BCN),BCN,Ryanair,B738,9H-QAR,C,FALSE,,
02-Apr-26,12:10,FR7763,Alicante (ALC),ALC,Ryanair,B38M,EI-HMZ,C,FALSE,,
02-Apr-26,12:10,LX400,Zurich (ZRH),ZRH,Swiss,BCS3,HB-JCM,C,FALSE,,
02-Apr-26,12:15,FR942,Palma de Mallorca (PMI),PMI,Ryanair,B38M,EI-HET,C,FALSE,,
02-Apr-26,12:20,EI52,Seattle (SEA),SEA,Aer Lingus,A332,EI-DUO,E,TRUE,,
02-Apr-26,12:20,EI593,Madrid (MAD),MAD,Aer Lingus (Retro livery),A320,EI-DVM,C,FALSE,,
02-Apr-26,12:20,EK161,Dubai (DXB),DXB,Emirates,B77W,A6-EPH,C,FALSE,,
02-Apr-26,12:25,EA3555,Edinburgh (EDI),EDI,Aer Lingus Regional,AT76,EI-GPO,B,FALSE,,
02-Apr-26,12:30,FR117,London (LGW),LGW,Ryanair,B738,EI-EBF,C,FALSE,,
02-Apr-26,12:40,KL1139,Amsterdam (AMS),AMS,KLM (1700th E-Jet Sticker),E295,PH-NXM,C,FALSE,,
02-Apr-26,12:45,EI205,Manchester (MAN),MAN,Aer Lingus,A21N,EI-XLW,C,FALSE,,
02-Apr-26,12:50,EI343,Zurich (ZRH),ZRH,Aer Lingus,A320,EI-DVE,C,FALSE,,
02-Apr-26,12:50,EI563,Barcelona (BCN),BCN,Aer Lingus,A20N,EI-NSH,C,FALSE,,
02-Apr-26,12:55,BA810,London (LHR),LHR,British Airways,A20N,G-TTNW,C,FALSE,,
02-Apr-26,12:55,EI433,Milan (LIN),LIN,Aer Lingus,A320,EI-DEK,C,FALSE,,
02-Apr-26,13:00,FR1924,Warsaw (WMI),WMI,Ryanair,B738,SP-RNP,C,FALSE,,
02-Apr-26,13:00,PC1157,Istanbul (SAW),SAW,Pegasus,A21N,TC-RDJ,C,FALSE,,
02-Apr-26,13:05,EI353,Munich (MUC),MUC,Aer Lingus,A21N,EI-LRF,C,FALSE,,
02-Apr-26,13:05,FR507,Bristol (BRS),BRS,Ryanair,B738,EI-EMB,C,FALSE,,
02-Apr-26,13:05,FR663,Birmingham (BHX),BHX,Ryanair,B738,9H-QCF,C,FALSE,,
02-Apr-26,13:10,FR7031,Faro (FAO),FAO,Ryanair,B38M,EI-HEN,C,FALSE,,
02-Apr-26,13:10,SK2467,Copenhagen (CPH),CPH,SAS,E195,SE-RSZ,C,FALSE,,
02-Apr-26,13:15,EI3223,Glasgow (GLA),GLA,Aer Lingus Regional,AT76,EI-GZV,B,FALSE,,
02-Apr-26,13:15,EA3323,Manchester (MAN),MAN,Aer Lingus Regional,AT76,EI-HPK,B,FALSE,,
02-Apr-26,13:15,FI418,Reykjavik (KEF),KEF,Icelandair,B39M,TF-ICB,C,FALSE,,
02-Apr-26,13:20,FR287,London (STN),STN,Ryanair,B38M,EI-HGP,C,FALSE,,
02-Apr-26,13:20,FR5218,Lublin (LUZ),LUZ,Ryanair,B38M,9H-VUQ,C,FALSE,,
02-Apr-26,13:20,MS775,Cairo (CAI),CAI,Egyptair,A20N,SU-GFK,C,FALSE,,
02-Apr-26,13:25,EI643,Prague (PRG),PRG,Aer Lingus,A320,EI-DVH,C,FALSE,,
02-Apr-26,13:25,FR5569,Rome (FCO),FCO,Ryanair,B738,9H-QAL,C,FALSE,,
02-Apr-26,13:30,EI159,London (LHR),LHR,Aer Lingus,A20N,EI-NSG,C,FALSE,,
02-Apr-26,13:35,EI403,Rome (FCO),FCO,Aer Lingus,A320,EI-DEH,C,FALSE,,
02-Apr-26,13:35,FR7047,Malaga (AGP),AGP,Ryanair,B738,SP-RND,C,FALSE,,
02-Apr-26,13:40,EI3253,Edinburgh (EDI),EDI,Aer Lingus Regional,AT76,EI-FAT,B,FALSE,,
02-Apr-26,13:45,FR5061,Cagliari (CAG),CAG,Ryanair,B38M,9H-VVJ,C,FALSE,,
02-Apr-26,13:53,N/A,Southampton (SOU),SOU,Aer Lingus Regional,AT76,EI-HPJ,B,FALSE,,
02-Apr-26,14:00,EI605,Amsterdam (AMS),AMS,Aer Lingus,A21N,EI-XLU,C,FALSE,,
02-Apr-26,14:05,EI451,Naples (NAP),NAP,Aer Lingus,A320,EI-GAM,C,FALSE,,
02-Apr-26,14:05,EA3931,Newquay (NQY),NQY,Aer Lingus Regional,AT76,EI-HDK,B,FALSE,,
02-Apr-26,14:10,EI423,Venice (VCE),VCE,Aer Lingus,A320,EI-DVK,C,FALSE,,
02-Apr-26,14:10,EI525,Paris (CDG),CDG,Aer Lingus,A21N,EI-XLV,C,FALSE,,
02-Apr-26,14:10,FR438,Reus (REU),REU,Ryanair,B738,EI-EVJ,C,FALSE,,
02-Apr-26,14:15,EI483,Lisbon (LIS),LIS,Aer Lingus,A320,EI-DEM,C,FALSE,,
02-Apr-26,14:15,EI493,Faro (FAO),FAO,Aer Lingus,A320,EI-DVI,C,FALSE,,
02-Apr-26,14:20,EA3193,Liverpool (LPL),LPL,Aer Lingus Regional,AT76,EI-HNA,B,FALSE,,
02-Apr-26,14:20,EI3267,Birmingham (BHX),BHX,Aer Lingus Regional,AT76,EI-GPN,B,FALSE,,
02-Apr-26,14:20,EW9394,Dusseldorf (DUS),DUS,Eurowings,A20N,D-AENG,C,FALSE,,
02-Apr-26,14:20,FR338,London (LTN),LTN,Ryanair,B738,9H-QDR,C,FALSE,,
02-Apr-26,14:30,EI68,Los Angeles (LAX),LAX,Aer Lingus,A333,EI-EIM,E,TRUE,,
02-Apr-26,14:30,FR3994,Agadir (AGA),AGA,Ryanair,B738,SP-RNS,C,FALSE,,
02-Apr-26,14:35,BA830,London (LHR),LHR,British Airways,A21N,G-NEOS,C,FALSE,,
02-Apr-26,14:35,FR203,London (STN),STN,Ryanair,B738,SP-RSQ,C,FALSE,,
02-Apr-26,14:35,FR1112,London (LGW),LGW,Ryanair,B38M,EI-IHY,C,FALSE,,
02-Apr-26,14:40,EI505,Bordeaux (BOD),BOD,Aer Lingus,A320,EI-DEP,C,FALSE,,
02-Apr-26,14:40,EA3255,Edinburgh (EDI),EDI,Aer Lingus Regional,AT76,EI-GPP,B,FALSE,,
02-Apr-26,14:40,FR3007,Amsterdam (AMS),AMS,Ryanair,B738,9H-QBD,C,FALSE,,
02-Apr-26,14:40,FR7129,Fuerteventura (FUE),FUE,Ryanair,B38M,EI-ILJ,C,FALSE,,
02-Apr-26,14:45,EI581,Malaga (AGP),AGP,Aer Lingus,A21N,EI-LRD,C,FALSE,,
02-Apr-26,14:45,FR4519,Athens (ATH),ATH,Ryanair,B738,9H-QAD,C,FALSE,,
02-Apr-26,14:50,EI163,London (LHR),LHR,Aer Lingus,A20N,EI-NSB,C,FALSE,,
02-Apr-26,14:50,EI393,Hamburg (HAM),HAM,Aer Lingus,A320,EI-DEL,C,FALSE,,
02-Apr-26,14:50,EI3227,Glasgow (GLA),GLA,Aer Lingus Regional,AT76,EI-GZV,B,FALSE,,
02-Apr-26,14:53,VJT437,Nice (NCE),NCE,VistaJet,CL35,9H-VCN,C,FALSE,,
02-Apr-26,14:55,FR6125,Milan (BGY),BGY,Ryanair,B738,SP-RKV,C,FALSE,,
02-Apr-26,15:04,N/A,Nice (NCE),NCE,NetJets,C68A,CS-LTQ,C,FALSE,,
02-Apr-26,15:05,BA4464,London (LCY),LCY,British Airways,E190,G-LCYM,C,FALSE,,
02-Apr-26,15:25,AF1816,Paris (CDG),CDG,Air France,BCS3,F-HZUH,C,FALSE,,
02-Apr-26,15:25,EI477,Dubrovnik (DBV),DBV,Aer Lingus,A320,EI-EDP,C,FALSE,,
02-Apr-26,15:25,FR97,Prague (PRG),PRG,Ryanair,B738,SP-RSF,C,FALSE,,
02-Apr-26,15:25,FR553,Manchester (MAN),MAN,Ryanair,B38M,EI-HMZ,C,FALSE,,
02-Apr-26,15:30,EI209,Manchester (MAN),MAN,Aer Lingus,A320,EI-DEJ,C,FALSE,,
02-Apr-26,15:30,EI441,Athens (ATH),ATH,Aer Lingus,A320,EI-DVN,C,FALSE,,
02-Apr-26,15:35,FR5132,Basel (BSL),BSL,Ryanair,B738,SP-RKH,C,FALSE,,
02-Apr-26,15:40,FR95,Gran Canaria (LPA),LPA,Ryanair,B38M,EI-ILC,C,FALSE,,
02-Apr-26,15:45,EI165,London (LHR),LHR,Aer Lingus,A20N,EI-NSE,C,FALSE,,
02-Apr-26,16:00,TK1977,Istanbul (IST),IST,Turkish Airlines,B38M,TC-LCI,C,FALSE,,
02-Apr-26,16:05,BA4466,London (LCY),LCY,British Airways,E190,G-LCAC,C,FALSE,,
02-Apr-26,16:05,FR665,Birmingham (BHX),BHX,Ryanair,B738,EI-EBF,C,FALSE,,
02-Apr-26,16:10,FR157,Leeds (LBA),LBA,Ryanair,B38M,9H-VVL,C,FALSE,,
02-Apr-26,16:15,FR119,London (LGW),LGW,Ryanair,B738,9H-QCF,C,FALSE,,
02-Apr-26,16:15,FR815,Edinburgh (EDI),EDI,Ryanair,B738,SP-RNP,C,FALSE,,
02-Apr-26,16:20,FR633,Copenhagen (CPH),CPH,Ryanair,B738,EI-DPP,C,FALSE,,
02-Apr-26,16:20,FR5150,Glasgow (GLA),GLA,Ryanair,B738,9H-QAL,C,FALSE,,
02-Apr-26,16:25,FR830,Venice (VCE),VCE,Ryanair,B738,SP-RKD,C,FALSE,,
02-Apr-26,16:35,EI161,London (LHR),LHR,Aer Lingus,A20N,EI-NSD,C,FALSE,,
02-Apr-26,16:35,FR1861,Paris (BVA),BVA,Ryanair,B738,9H-QAR,C,FALSE,,
02-Apr-26,16:35,FR5556,Tenerife (TFS),TFS,Ryanair,B38M,EI-IJD,C,FALSE,,
02-Apr-26,16:35,FR7033,Faro (FAO),FAO,Ryanair,B38M,EI-IHM,C,FALSE,,
02-Apr-26,16:40,KL1141,Amsterdam (AMS),AMS,KLM,E190,PH-EZG,C,FALSE,,
02-Apr-26,16:45,EI3257,Edinburgh (EDI),EDI,Aer Lingus Regional,AT76,EI-GPO,B,FALSE,,
02-Apr-26,16:49,N/A,London (BQH),BQH,NetJets,CL60,CS-CLA,C,FALSE,,
02-Apr-26,16:50,EI777,Lanzarote (ACE),ACE,Aer Lingus,A320,EI-GAL,C,FALSE,,
02-Apr-26,16:55,FR5911,Lanzarote (ACE),ACE,Ryanair,B38M,EI-IHC,C,FALSE,,
02-Apr-26,16:55,LH980,Frankfurt (FRA),FRA,Lufthansa,A321,D-AISB,C,FALSE,,
02-Apr-26,16:55,VL2518,Munich (MUC),MUC,Lufthansa City,A20N,D-AIJR,C,FALSE,,
02-Apr-26,17:10,EI545,Nice (NCE),NCE,Aer Lingus,A320,EI-DER,C,FALSE,,
02-Apr-26,17:10,FR339,London (LTN),LTN,Ryanair,B38M,EI-IGL,C,FALSE,,
02-Apr-26,17:15,AY1385,Helsinki (HEL),HEL,Finnair (Oneworld Livery),E190,OH-LKN,C,FALSE,,
02-Apr-26,17:15,EI167,London (LHR),LHR,Aer Lingus,A20N,EI-NSH,C,FALSE,,
02-Apr-26,17:15,EA3225,Glasgow (GLA),GLA,Aer Lingus Regional,AT76,EI-FAT,B,FALSE,,
02-Apr-26,17:20,EI527,Paris (CDG),CDG,Aer Lingus,A320,EI-DEI,C,FALSE,,
02-Apr-26,17:20,EA3393,Leeds (LBA),LBA,Aer Lingus Regional,AT76,EI-HPK,B,FALSE,,
02-Apr-26,17:20,FR3976,Barcelona (BCN),BCN,Ryanair,B738,EI-ESV,C,FALSE,,
02-Apr-26,17:25,FR447,Liverpool (LPL),LPL,Ryanair,B738,9H-QAS,C,FALSE,,
02-Apr-26,17:25,BY1487,Lanzarote (ACE),ACE,TUI,B738,G-FDZZ,C,FALSE,,
02-Apr-26,17:35,FR289,London (STN),STN,Ryanair,B738,9H-QFB,C,FALSE,,
02-Apr-26,17:40,EI609,Amsterdam (AMS),AMS,Aer Lingus,A320,EI-EDS,C,FALSE,,
02-Apr-26,17:45,EI405,Rome (FCO),FCO,Aer Lingus,A320,EI-DVG,C,FALSE,,
02-Apr-26,17:50,EA3273,Birmingham (BHX),BHX,Aer Lingus Regional,AT76,EI-HDK,B,FALSE,,
02-Apr-26,17:50,FR7055,Malaga (AGP),AGP,Ryanair,B38M,9H-VUZ,C,FALSE,,
02-Apr-26,17:50,FR7035,Faro (FAO),FAO,Ryanair,B738,SP-RKM,C,FALSE,,
02-Apr-26,17:50,LX404,Zurich (ZRH),ZRH,Swiss,BCS1,HB-JBE,C,FALSE,,
02-Apr-26,17:55,DY1362,Oslo (OSL),OSL,Norwegian,B738,LN-NHA,C,FALSE,,
02-Apr-26,17:55,FR7366,Vienna (VIE),VIE,Lauda Europe,A320,9H-LOA,C,FALSE,,
02-Apr-26,17:59,5X207,Louisville (SDF),SDF,UPS,B763,N345UP,D,FALSE,,
02-Apr-26,18:00,BA832,London (LHR),LHR,British Airways,A20N,G-TTSG,C,FALSE,,
02-Apr-26,18:05,EI553,Lyon (LYS),LYS,Aer Lingus,A320,EI-DES,C,FALSE,,
02-Apr-26,18:05,TP1324,Lisbon (LIS),LIS,TAP Express,E195,CS-TAX,C,FALSE,,
02-Apr-26,18:05,N/A,Isle of Man (IOM),IOM,Aer Lingus Regional,AT76,EI-GZV,B,FALSE,,
02-Apr-26,18:10,EI3217,Isle of Man (IOM),IOM,Aer Lingus,AT7,,B,FALSE,,
02-Apr-26,18:10,FR555,Manchester (MAN),MAN,Ryanair,B38M,EI-IHY,C,FALSE,,
02-Apr-26,18:13,N/A,St. Gallen (ACH),ACH,NetJets,C68A,CS-LUC,C,FALSE,,
02-Apr-26,18:15,FR9320,Trieste (TRS),TRS,Ryanair,B38M,EI-HET,C,FALSE,,
02-Apr-26,18:20,EI169,London (LHR),LHR,Aer Lingus,A20N,EI-NSG,C,FALSE,,
02-Apr-26,18:20,SK2537,Copenhagen (CPH),CPH,SAS,A20N,EI-SCD,C,FALSE,,
02-Apr-26,18:25,AF1116,Paris (CDG),CDG,Air France,E190,F-HBLY,C,FALSE,,
02-Apr-26,18:30,FR4284,Marseille (MRS),MRS,Ryanair,B738,EI-DPH,C,FALSE,,
02-Apr-26,18:35,EA3327,Manchester (MAN),MAN,Aer Lingus Regional,AT76,EI-GPP,B,FALSE,,
02-Apr-26,18:35,FR25,Paris (BVA),BVA,Ryanair,B38M,EI-IKW,C,FALSE,,
02-Apr-26,18:40,BA4472,London (LCY),LCY,British Airways,E190,G-LCYL,C,FALSE,,
02-Apr-26,18:40,FR5307,Kerry (KIR),KIR,Ryanair,B738,SP-RKH,C,FALSE,,
02-Apr-26,18:40,FR5419,Berlin (BER),BER,Ryanair,B738,EI-EBV,C,FALSE,,
02-Apr-26,18:45,FR1115,Reus (REU),REU,Ryanair,B38M,EI-HEN,C,FALSE,,
02-Apr-26,18:50,FR1043,Toulouse (TLS),TLS,Ryanair,B738,SP-RND,C,FALSE,,
02-Apr-26,18:55,EA3305,Southampton (SOU),SOU,Aer Lingus Regional,AT76,EI-HPJ,B,FALSE,,
02-Apr-26,18:55,FR121,London (LGW),LGW,Ryanair,B38M,EI-ILJ,C,FALSE,,
02-Apr-26,18:55,LG4883,Luxembourg (LUX),LUX,Luxair,E295,LX-LEA,C,FALSE,,
02-Apr-26,19:05,EW2774,Stuttgart (STR),STR,Eurowings,A320,D-AEWR,C,FALSE,,
02-Apr-26,19:05,FR667,Birmingham (BHX),BHX,Ryanair,B38M,EI-ILC,C,FALSE,,
02-Apr-26,19:05,FR3101,Amsterdam (AMS),AMS,Ryanair,B738,SP-RSQ,C,FALSE,,
02-Apr-26,19:05,SK2565,Stockholm (ARN),ARN,SAS,32N,,C,FALSE,,
02-Apr-26,19:15,EI749,Bilbao (BIO),BIO,Aer Lingus,A320,EI-DEK,C,FALSE,,
02-Apr-26,19:15,FR1457,Brussels (BRU),BRU,Ryanair,B738,9H-QBD,C,FALSE,,
02-Apr-26,19:15,FR2031,Krakow (KRK),KRK,Ryanair,B38M,SP-RZV,C,FALSE,,
02-Apr-26,19:15,TO7908,Paris (ORY),ORY,Transavia,B738,F-HUYB,C,FALSE,,
02-Apr-26,19:20,FR205,London (STN),STN,Ryanair,B738,SP-RKV,C,FALSE,,
02-Apr-26,19:30,BA834,London (LHR),LHR,British Airways,A21N,G-TNED,C,FALSE,,
02-Apr-26,19:30,BA4468,London (LCY),LCY,British Airways,E190,G-LCYM,C,FALSE,,
02-Apr-26,19:30,FR99,Wroclaw (WRO),WRO,Ryanair,B38M,SP-RZN,C,FALSE,,
02-Apr-26,19:30,FR9612,Rome (FCO),FCO,Ryanair,B38M,EI-HMW,C,FALSE,,
02-Apr-26,19:35,EI173,London (LHR),LHR,Aer Lingus,A20N,EI-NSB,C,FALSE,,
02-Apr-26,19:35,FR7133,Faro (FAO),FAO,Ryanair,B738,EI-EBK,C,FALSE,,
02-Apr-26,19:45,FR1773,Valencia (VLC),VLC,Ryanair,B738,EI-EGD,C,FALSE,,
02-Apr-26,19:50,FR123,London (LGW),LGW,Ryanair,B738,9H-QDR,C,FALSE,,
02-Apr-26,20:05,EK163,Dubai (DXB),DXB,Emirates,B77W,A6-EPC,C,FALSE,,
02-Apr-26,20:10,EI585,Malaga (AGP),AGP,Aer Lingus,A320,EI-FNJ,C,FALSE,,
02-Apr-26,20:10,FR9678,Seville (SVQ),SVQ,Ryanair,B738,9H-QCD,C,FALSE,,
02-Apr-26,20:15,FR7157,Madrid (MAD),MAD,Ryanair,B738,9H-QAV,C,FALSE,,
02-Apr-26,20:20,DN407,Bacau (BCM),BCM,Dan Air,A320,YR-JUL,C,FALSE,,
02-Apr-26,20:25,FR127,London (LGW),LGW,Ryanair,B738,9H-QCF,C,FALSE,,
02-Apr-26,20:30,FR21,Newcastle (NCL),NCL,Ryanair,B38M,EI-IGF,C,FALSE,,
02-Apr-26,20:30,FR817,Edinburgh (EDI),EDI,Ryanair,B738,EI-EKS,C,FALSE,,
02-Apr-26,20:30,FR1557,Manchester (MAN),MAN,Ryanair,B738,EI-DLX,C,FALSE,,
02-Apr-26,20:33,5X249,Shannon (SNN),SNN,UPS,B763,N364UP,D,FALSE,,
02-Apr-26,20:40,EI3331,Exeter (EXT),EXT,Aer Lingus Regional,AT76,EI-GPO,B,FALSE,,
02-Apr-26,20:40,FR7063,Alicante (ALC),ALC,Ryanair,B38M,EI-IJK,C,FALSE,,
02-Apr-26,20:45,FR449,Liverpool (LPL),LPL,Ryanair,B738,EI-DCL,C,FALSE,,
02-Apr-26,20:55,EI177,London (LHR),LHR,Aer Lingus,A20N,EI-NSD,C,FALSE,,
02-Apr-26,20:55,EA3557,Edinburgh (EDI),EDI,Aer Lingus Regional,AT76,EI-HPK,B,FALSE,,
02-Apr-26,21:00,EI413,Verona (VRN),VRN,Aer Lingus,A320,EI-DEH,C,FALSE,,
02-Apr-26,21:00,FR4845,Milan (BGY),BGY,Ryanair,B38M,EI-IKD,C,FALSE,,
02-Apr-26,21:00,FR7137,Lisbon (LIS),LIS,Ryanair,B738,EI-EVJ,C,FALSE,,
02-Apr-26,21:09,N/A,Pisa (PSA),PSA,NetJets,GLEX,CS-GLJ,C,FALSE,,
02-Apr-26,21:15,FR1909,Gdansk (GDN),GDN,Ryanair,B738,SP-RKB,C,FALSE,,
02-Apr-26,21:17,5O4394,Shannon (SNN),SNN,ASL Airlines,B738,F-HIQB,C,FALSE,,
02-Apr-26,21:20,FR6394,Barcelona (BCN),BCN,Ryanair,B738,EI-GSI,C,FALSE,,
02-Apr-26,21:20,RK291,London (STN),STN,Ryanair,B38M,G-RYMA,C,FALSE,,
02-Apr-26,21:25,FR509,Bristol (BRS),BRS,Ryanair,B38M,EI-HGG,C,FALSE,,
02-Apr-26,21:30,EI179,London (LHR),LHR,Aer Lingus,A20N,EI-NSH,C,FALSE,,
02-Apr-26,21:30,EI277,Birmingham (BHX),BHX,Aer Lingus,A320,EI-DES,C,FALSE,,
02-Apr-26,21:30,EA3409,Donegal (CFN),CFN,Aer Lingus Regional,AT76,EI-GZV,B,FALSE,,
02-Apr-26,21:35,EA3309,Southampton (SOU),SOU,Aer Lingus Regional,AT76,EI-FAT,B,FALSE,,
02-Apr-26,21:40,FR3103,Amsterdam (AMS),AMS,Ryanair,B738,9H-QAL,C,FALSE,,
02-Apr-26,21:45,EA3259,Edinburgh (EDI),EDI,Aer Lingus Regional,AT76,EI-HDK,B,FALSE,,
02-Apr-26,21:45,EA3289,Bristol (BRS),BRS,Aer Lingus Regional,AT76,EI-GPN,B,FALSE,,
02-Apr-26,21:50,BA4470,London (LCY),LCY,British Airways,E190,G-LCAB,C,FALSE,,
02-Apr-26,22:00,FR143,London (LGW),LGW,Ryanair,B38M,EI-HET,C,FALSE,,
02-Apr-26,22:05,EI639,Brussels (BRU),BRU,Aer Lingus,A320,EI-DEI,C,FALSE,,
02-Apr-26,22:05,EA3329,Manchester (MAN),MAN,Aer Lingus Regional,AT76,EI-GPP,B,FALSE,,
02-Apr-26,22:10,EA3197,Liverpool (LPL),LPL,Aer Lingus Regional,AT76,EI-HPJ,B,FALSE,,
02-Apr-26,22:15,FR8131,Malaga (AGP),AGP,Ryanair,B738,9H-QAD,C,FALSE,,
02-Apr-26,22:15,LH982,Frankfurt (FRA),FRA,Lufthansa,A321,D-AIRN,C,FALSE,,
02-Apr-26,22:20,5F5711,Chisinau (RMO),RMO,FlyOne,A321,YR-FIB,C,FALSE,,
02-Apr-26,22:20,EI611,Amsterdam (AMS),AMS,Aer Lingus,A320,EI-GAL,C,FALSE,,
02-Apr-26,22:25,KL1145,Amsterdam (AMS),AMS,KLM,B738,PH-BXV,C,FALSE,,
02-Apr-26,22:30,EI183,London (LHR),LHR,Aer Lingus,A20N,EI-NSG,C,FALSE,,
02-Apr-26,22:30,FR7236,Malta (MLA),MLA,Ryanair,B38M,EI-HGY,C,FALSE,,
02-Apr-26,22:35,FR535,Nottingham (EMA),EMA,Ryanair,B738,EI-DPN,C,FALSE,,
02-Apr-26,22:35,FR669,Birmingham (BHX),BHX,Ryanair,B38M,EI-HMW,C,FALSE,,
02-Apr-26,22:40,AF1016,Paris (CDG),CDG,Air France,BCS3,F-HZUM,C,FALSE,,
02-Apr-26,22:40,EI529,Paris (CDG),CDG,Aer Lingus,A320,EI-EDS,C,FALSE,,
02-Apr-26,22:40,EA3229,Glasgow (GLA),GLA,Aer Lingus Regional,AT76,EI-HNA,B,FALSE,,
02-Apr-26,22:40,FR5562,Glasgow (GLA),GLA,Ryanair,B738,9H-QDR,C,FALSE,,
02-Apr-26,22:50,EI737,Palma de Mallorca (PMI),PMI,Aer Lingus,A20N,EI-NSE,C,FALSE,,
02-Apr-26,22:50,H4251,Cluj-Napoca (CLJ),CLJ,HiSky,A320,YR-SUN,C,FALSE,,
02-Apr-26,22:50,H4473,Chisinau (RMO),RMO,HiSky,A320,YR-SKY,C,FALSE,,
02-Apr-26,22:55,EI709,Marrakesh (RAK),RAK,Aer Lingus (Retro livery),A320,EI-DVM,C,FALSE,,
02-Apr-26,22:55,FR307,London (LGW),LGW,Ryanair,B38M,EI-HEN,C,FALSE,,
02-Apr-26,22:55,FR6245,Tirana (TIA),TIA,Ryanair,B738,EI-EBF,C,FALSE,,
02-Apr-26,22:55,FR6841,Naples (NAP),NAP,Ryanair,B38M,EI-HMZ,C,FALSE,,
02-Apr-26,23:00,EI465,Malta (MLA),MLA,Aer Lingus,A320,EI-DVH,C,FALSE,,
02-Apr-26,23:00,FR341,London (LTN),LTN,Ryanair,B738,9H-QFE,C,FALSE,,
02-Apr-26,23:05,EI497,Faro (FAO),FAO,Aer Lingus,A320,EI-DEJ,C,FALSE,,
02-Apr-26,23:05,FR1977,Riga (RIX),RIX,Ryanair,B738,SP-RNS,C,FALSE,,
02-Apr-26,23:05,FR8108,Reus (REU),REU,Ryanair,B738,SP-RKD,C,FALSE,,
02-Apr-26,23:05,TK1173,Istanbul (IST),IST,Turkish Airlines,B38M,TC-LCU,C,FALSE,,
02-Apr-26,23:10,EI337,Berlin (BER),BER,Aer Lingus,A320,EI-DER,C,FALSE,,
02-Apr-26,23:10,EI587,Malaga (AGP),AGP,Aer Lingus,A320,EI-DEM,C,FALSE,,
02-Apr-26,23:10,FR456,Leeds (LBA),LBA,Ryanair,B38M,EI-ILK,C,FALSE,,
02-Apr-26,23:20,FR210,London (STN),STN,Ryanair,B738,SP-RSQ,C,FALSE,,
02-Apr-26,23:25,FR1900,Manchester (MAN),MAN,Ryanair,B738,9H-QCJ,C,FALSE,,
02-Apr-26,23:25,FR5404,Murcia (RMU),RMU,Ryanair,B738,EI-DPP,C,FALSE,,
02-Apr-26,23:40,FR3087,Venice (VCE),VCE,Ryanair,B38M,EI-IHC,C,FALSE,,
02-Apr-26,23:40,FR8112,Faro (FAO),FAO,Ryanair,B738,SP-RNP,C,FALSE,,
02-Apr-26,23:45,FR4267,Verona (VRN),VRN,Ryanair,B38M,EI-IGL,C,FALSE,,
02-Apr-26,23:55,FR557,Manchester (MAN),MAN,Ryanair,B738,9H-QCS,C,FALSE,,
02-Apr-26,23:55,FR635,Cardiff (CWL),CWL,Ryanair,B738,EI-EVJ,C,FALSE,,
02-Apr-26,23:59,FR3567,Santiago de Compostela (SCQ),SCQ,Ryanair,B738,SP-RKH,C,FALSE,,
03-Apr-26,00:05,FR312,Stockholm (ARN),ARN,Ryanair,B738,EI-DLV,C,FALSE,,
03-Apr-26,00:05,TP1326,Lisbon (LIS),LIS,TAP Express,E190,CS-TPT,C,FALSE,,
03-Apr-26,00:10,EI449,Heraklion (HER),HER,Aer Lingus,A320,EI-DVE,C,FALSE,,
03-Apr-26,00:20,EI779,Lanzarote (ACE),ACE,Aer Lingus,A320,EI-DVI,C,FALSE,,
03-Apr-26,00:20,FR4410,Rhodes (RHO),RHO,Ryanair,B38M,EI-IFW,C,FALSE,,
03-Apr-26,00:25,FR2972,Kaunas (KUN),KUN,Ryanair,B738,9H-QAR,C,FALSE,,
03-Apr-26,00:25,FR7200,Lanzarote (ACE),ACE,Ryanair,B38M,EI-HGP,C,FALSE,,
03-Apr-26,00:30,EI575,Alicante (ALC),ALC,Aer Lingus,A320,EI-EDP,C,FALSE,,
03-Apr-26,00:35,FR1979,Lodz (LCJ),LCJ,Ryanair,B38M,EI-IHY,C,FALSE,,
03-Apr-26,00:45,EI765,Tenerife (TFS),TFS,Aer Lingus,A320,EI-DVN,C,FALSE,,
03-Apr-26,00:45,FR7073,Porto (OPO),OPO,Ryanair,B738,SP-RKV,C,FALSE,,
03-Apr-26,00:50,EI783,Gran Canaria (LPA),LPA,Aer Lingus,A320,EI-DVK,C,FALSE,,
03-Apr-26,00:50,LH8321,Birmingham (BHX),BHX,Lufthansa Cargo,A321,D-AEUA,C,FALSE,,
03-Apr-26,00:55,EI565,Barcelona (BCN),BCN,Aer Lingus,A320,EI-DVG,C,FALSE,,
03-Apr-26,00:55,FR1959,Nice (NCE),NCE,Ryanair,B738,SP-RND,C,FALSE,,
03-Apr-26,00:55,FR6186,Palma de Mallorca (PMI),PMI,Ryanair,B38M,9H-VUZ,C,FALSE,,
03-Apr-26,00:55,FR7037,Girona (GRO),GRO,Ryanair,B38M,EI-ILC,C,FALSE,,
03-Apr-26,01:01,FR3333,Pafos (PFO),PFO,Ryanair,B38M,9H-VUQ,C,FALSE,,
03-Apr-26,01:06,OJ300,Karlsruhe / Baden-Baden (FKB),FKB,NyxAir,AT75,ES-NTC,B,FALSE,,
03-Apr-26,01:10,FR5433,Ibiza (IBZ),IBZ,Ryanair,B738,SP-RKM,C,FALSE,,
03-Apr-26,01:10,FR6920,Barcelona (BCN),BCN,Ryanair,B38M,EI-ILJ,C,FALSE,,
03-Apr-26,01:10,FR9289,Brindisi (BDS),BDS,Ryanair,B38M,EI-IHM,C,FALSE,,
03-Apr-26,01:15,FR327,Bucharest (OTP),OTP,Ryanair,B38M,EI-IJD,C,FALSE,,
03-Apr-26,01:30,EI799,Izmir (ADB),ADB,Aer Lingus,A320,EI-DEP,C,FALSE,,
03-Apr-26,01:54,XM358,Birmingham (BHX),BHX,Zimex Aviation,AT72,HB-AFJ,B,FALSE,,
03-Apr-26,03:59,N/A,Nottingham (EMA),EMA,DHL,A306,D-AZMN,C,FALSE,,
03-Apr-26,04:30,EI104,New York (JFK),JFK,Aer Lingus,A333,EI-DUZ,E,TRUE,,
03-Apr-26,04:35,EI132,Boston (BOS),BOS,Aer Lingus,A21N,EI-LRA,C,TRUE,,
03-Apr-26,04:42,QY2886,Brussels (BRU),BRU,DHL,B738,EC-IXO,C,FALSE,,
03-Apr-26,04:45,FX5051,Indianapolis (IND),IND,FedEx,B763,N134FE,D,FALSE,,
03-Apr-26,04:45,5O4294,Paris (CDG),CDG,ASL Airlines,B738,F-HIQB,C,FALSE,,
03-Apr-26,05:00,5X248,Cologne (CGN),CGN,UPS,B763,N364UP,D,FALSE,,
03-Apr-26,05:10,EI122,Chicago (ORD),ORD,Aer Lingus,A333,EI-EIL,E,TRUE,,
03-Apr-26,05:10,EI126,Toronto (YYZ),YYZ,Aer Lingus,A333,EI-EDY,E,TRUE,,
03-Apr-26,05:15,EI100,New York (EWR),EWR,Aer Lingus,A21N,EI-LRC,C,TRUE,,
03-Apr-26,05:15,EI116,Washington (IAD),IAD,Aer Lingus,A21N,EI-LRE,C,TRUE,,
03-Apr-26,05:15,EI130,Windsor Locks (BDL),BDL,Aer Lingus,A21N,EI-LRG,C,TRUE,,
03-Apr-26,05:24,QY2882,Leipzig (LEJ),LEJ,Titan Airways,A321,9H-ZTB,C,FALSE,,
03-Apr-26,05:53,FX5202,Paris (CDG),CDG,FedEx,B763,N107FE,D,FALSE,,
03-Apr-26,06:24,TK6513,Istanbul (IST),IST,Turkish Cargo,A332,TC-JDP,E,FALSE,,
03-Apr-26,06:30,AA722,Philadelphia (PHL),PHL,American Airlines,B788,N880BJ,E,TRUE,,
03-Apr-26,07:00,FR441,Liverpool (LPL),LPL,Ryanair,B738,9H-QDW,C,FALSE,,
03-Apr-26,07:01,VJT418,Girona (GRO),GRO,VistaJet,CL35,9H-VCL,C,FALSE,,
03-Apr-26,07:15,FR561,Manchester (MAN),MAN,Ryanair,B38M,EI-HEY,C,FALSE,,
03-Apr-26,07:15,FR633,Copenhagen (CPH),CPH,Ryanair,B38M,EI-IHX,C,FALSE,,
03-Apr-26,07:20,UA310,Washington (IAD),IAD,United Airlines,B752,N19117,D,TRUE,,
03-Apr-26,07:30,UA23,New York (EWR),EWR,United Airlines,B772,N799UA,E,TRUE,,
03-Apr-26,07:30,FR23,Paris (BVA),BVA,Ryanair,B38M,EI-IGO,C,FALSE,,
03-Apr-26,07:30,FR494,Madrid (MAD),MAD,Ryanair,B738,9H-QAW,C,FALSE,,
03-Apr-26,07:40,FR331,London (LTN),LTN,Ryanair,B738,9H-QDK,C,FALSE,,
03-Apr-26,07:45,BA824,London (LHR),LHR,British Airways,A21N,G-NEOR,C,FALSE,,
03-Apr-26,07:45,FR262,Alicante (ALC),ALC,Ryanair,B38M,EI-IKA,C,FALSE,,
03-Apr-26,07:45,FR312,Stockholm (ARN),ARN,Ryanair,B38M,EI-IKI,C,FALSE,,
03-Apr-26,07:45,FR7140,Vilnius (VNO),VNO,Ryanair,B738,SP-RNO,C,FALSE,,
03-Apr-26,07:50,FR7001,Girona (GRO),GRO,Ryanair,B738,EI-ENO,C,FALSE,,
03-Apr-26,07:50,FR7441,Gdansk (GDN),GDN,Ryanair,B738,SP-RSM,C,FALSE,,
03-Apr-26,07:55,DL258,Minneapolis (MSP),MSP,Delta Air Lines,A339,N405DX,E,TRUE,,
03-Apr-26,07:55,FR271,London (STN),STN,Ryanair,B738,EI-EMO,C,FALSE,,
03-Apr-26,07:55,LX402,Zurich (ZRH),ZRH,airBaltic,BCS3,YL-CSD,C,FALSE,,
03-Apr-26,08:00,LH976,Frankfurt (FRA),FRA,Lufthansa,A320,D-AIZE,C,FALSE,,
