date,std,flight_no,destination,destination_code,airline_name,aircraft_type,tail_reg,icao_cat,actual_departure,gate
31-Mar-26,08:00,N/A,Katowice (KTW),KTW,Ryanair,CL35,M-ASBA,C,,
31-Mar-26,08:15,FR96,Prague (PRG),PRG,Ryanair,B738,SP-RSD,C,,
31-Mar-26,08:20,FR7008,Vienna (VIE),VIE,Lauda Europe,A320,9H-LOR,C,,
31-Mar-26,08:25,FR2971,Kaunas (KUN),KUN,Ryanair,B38M,SP-RZU,C,,
31-Mar-26,08:30,FR272,London (STN),STN,Ryanair,B738,9H-QEU,C,,
31-Mar-26,08:35,BA825,London (LHR),LHR,British Airways,A320,G-EUYT,C,,
31-Mar-26,08:37,FX5050,Indianapolis (IND),IND,FedEx,B763,N125FE,D,,
31-Mar-26,08:40,EI156,London (LHR),LHR,Aer Lingus,A20N,EI-NSA,C,,
31-Mar-26,08:45,BA4463,London (LCY),LCY,British Airways,E190,G-LCYO,C,,
31-Mar-26,08:50,LH977,Frankfurt (FRA),FRA,Lufthansa (Star Alliance Livery),A320,D-AIZH,C,,
31-Mar-26,08:50,UA311,Washington (IAD),IAD,United Airlines,B752,N18112,D,,
31-Mar-26,08:55,FR7046,Malaga (AGP),AGP,Malta Air,B38M,9H-VUB,C,,
31-Mar-26,08:55,KL1136,Amsterdam (AMS),AMS,KLM,E295,PH-NXG,C,,
31-Mar-26,08:58,FX5202,Liege (LGG),LGG,FedEx,B763,N107FE,D,,
31-Mar-26,09:05,FR611,Kerry (KIR),KIR,Ryanair,B738,EI-GJT,C,,
31-Mar-26,09:10,FR5405,Murcia (RMU),RMU,Ryanair,B38M,EI-IHY,C,,
31-Mar-26,09:15,AF1617,Paris (CDG),CDG,Air France,BCS3,F-HPNZ,C,,
31-Mar-26,09:20,FR446,Liverpool (LPL),LPL,Ryanair,B738,EI-GSK,C,,
31-Mar-26,09:25,EA3554,Edinburgh (EDI),EDI,Aer Lingus Regional,AT76,EI-GZV,B,,
31-Mar-26,09:25,N/A,Weeze (NRN),NRN,Ryanair,B738,9H-QAL,C,,
31-Mar-26,09:30,AA133,Dallas (DFW),DFW,American Airlines,B788,N872AN,E,,
31-Mar-26,09:30,UA22,New York (EWR),EWR,United Airlines,B772,N77012,E,,
31-Mar-26,09:35,FR6187,Palma de Mallorca (PMI),PMI,Lauda Europe,A320,9H-LMC,C,,
31-Mar-26,09:40,AY1382,Helsinki (HEL),HEL,Finnair,E190,OH-LKI,C,,
31-Mar-26,09:40,EI158,London (LHR),LHR,Aer Lingus,A20N,EI-NSE,C,,
31-Mar-26,09:45,EI204,Manchester (MAN),MAN,Aer Lingus,A21N,EI-LRE,C,,
31-Mar-26,09:45,EI524,Paris (CDG),CDG,Aer Lingus,A21N,EI-LRG,C,,
31-Mar-26,09:45,FR1111,London (LGW),LGW,Ryanair,B738,9H-QAD,C,,
31-Mar-26,09:50,AC801,Toronto (YYZ),YYZ,Air Canada,B789,C-FGFZ,E,,
31-Mar-26,09:50,FR7390,Lisbon (LIS),LIS,Ryanair,B38M,EI-IKK,C,,
31-Mar-26,09:50,IB1882,Madrid (MAD),MAD,Iberia Express,A320,EC-LVQ,C,,
31-Mar-26,09:55,EI504,Bordeaux (BOD),BOD,Aer Lingus,A320,EI-DEJ,C,,
31-Mar-26,09:55,EI604,Amsterdam (AMS),AMS,Aer Lingus,A21N,EI-XLU,C,,
31-Mar-26,10:00,DL259,Minneapolis (MSP),MSP,Delta Air Lines,A333,N829NW,E,,
31-Mar-26,10:00,EI392,Hamburg (HAM),HAM,Aer Lingus,A320,EI-DEI,C,,
31-Mar-26,10:00,FR156,Leeds (LBA),LBA,Ryanair,B38M,EI-IFV,C,,
31-Mar-26,10:00,FR1023,Budapest (BUD),BUD,Ryanair,B38M,EI-IFS,C,,
31-Mar-26,10:00,FR1116,Reus (REU),REU,Ryanair,B738,9H-QCT,C,,
31-Mar-26,10:00,VY8721,Barcelona (BCN),BCN,Vueling,A320,EC-MJC,C,,
31-Mar-26,10:05,N/A,London (LGW),LGW,Ryanair,B738,9H-QAD,C,,
31-Mar-26,10:20,EA3222,Glasgow (GLA),GLA,Aer Lingus Regional,AT76,EI-HPK,B,,
31-Mar-26,10:20,EA3252,Edinburgh (EDI),EDI,Aer Lingus Regional,AT76,EI-GPN,B,,
31-Mar-26,10:20,EI3322,Manchester (MAN),MAN,Aer Lingus,AT7,,B,,
31-Mar-26,10:20,N/A,Manchester (MAN),MAN,Aer Lingus Regional,AT76,EI-FAT,B,,
31-Mar-26,10:25,FR662,Birmingham (BHX),BHX,Ryanair,B738,EI-GXK,C,,
31-Mar-26,10:30,BA827,London (LHR),LHR,British Airways,A320,G-EUYJ,C,,
31-Mar-26,10:30,EI404,Rome (FCO),FCO,Aer Lingus,A320,EI-DEL,C,,
31-Mar-26,10:30,EI3264,Birmingham (BHX),BHX,Aer Lingus,AT7,,B,,
31-Mar-26,10:30,N/A,Birmingham (BHX),BHX,Aer Lingus Regional,AT76,EI-HPJ,B,,
31-Mar-26,10:35,FR534,Nottingham (EMA),EMA,Ryanair,B38M,EI-HEZ,C,,
31-Mar-26,10:40,LH2517,Munich (MUC),MUC,Lufthansa,A21N,D-AIEJ,C,,
31-Mar-26,10:40,TK1976,Istanbul (IST),IST,Turkish Airlines,A21N,TC-LTD,C,,
31-Mar-26,10:50,FR1454,Milan (MXP),MXP,Ryanair,B738,9H-QDI,C,,
31-Mar-26,10:50,FR7354,Chania (CHQ),CHQ,Ryanair,B738,EI-EKI,C,,
31-Mar-26,11:00,DL177,Atlanta (ATL),ATL,Delta Air Lines,B764,N839MH,D,,
31-Mar-26,11:10,EI162,London (LHR),LHR,Aer Lingus,A20N,EI-NSG,C,,
31-Mar-26,11:10,EI105,New York (JFK),JFK,Aer Lingus,A333,EI-FNG,E,,
31-Mar-26,11:10,FR116,London (LGW),LGW,Ryanair,B38M,EI-IHN,C,,
31-Mar-26,11:10,KL1138,Amsterdam (AMS),AMS,KLM,B738,PH-BXA,C,,
31-Mar-26,11:15,BA4465,London (LCY),LCY,British Airways,E190,G-LCYP,C,,
31-Mar-26,11:20,EI3266,Birmingham (BHX),BHX,Aer Lingus,AT7,,B,,
31-Mar-26,11:20,N/A,Birmingham (BHX),BHX,Aer Lingus Regional,AT76,EI-GPO,B,,
31-Mar-26,11:25,FR7240,Madrid (MAD),MAD,Ryanair,B738,EI-EBY,C,,
31-Mar-26,11:30,EA3226,Glasgow (GLA),GLA,Aer Lingus Regional,AT76,EI-HDK,B,,
31-Mar-26,11:30,FR202,London (STN),STN,Ryanair,B738,9H-QBJ,C,,
31-Mar-26,11:30,FR337,London (LTN),LTN,Ryanair,B738,EI-EVJ,C,,
31-Mar-26,11:30,WS35,Toronto (YYZ),YYZ,WestJet,B38M,C-GCAM,C,,
31-Mar-26,11:35,EI123,Chicago (ORD),ORD,Aer Lingus,A333,EI-EDY,E,,
31-Mar-26,11:35,UA981,Chicago (ORD),ORD,United Airlines,B788,N20904,E,,
31-Mar-26,11:40,EI3254,Edinburgh (EDI),EDI,Aer Lingus Regional,AT76,EI-HNA,B,,
31-Mar-26,11:40,FR436,Liverpool (LPL),LPL,Ryanair,B38M,9H-VVJ,C,,
31-Mar-26,11:40,GR687,Guernsey (GCI),GCI,Aurigny,AT76,G-OGFC,B,,
31-Mar-26,11:40,SK536,Stockholm (ARN),ARN,SAS,A20N,SE-ROE,C,,
31-Mar-26,11:45,AA725,Charlotte (CLT),CLT,American Airlines,B772,N756AM,E,,
31-Mar-26,11:45,EI544,Nice (NCE),NCE,Aer Lingus,A320,EI-GAL,C,,
31-Mar-26,11:50,FR3006,Amsterdam (AMS),AMS,Ryanair,B738,EI-DPP,C,,
31-Mar-26,11:50,FR4266,Verona (VRN),VRN,Ryanair,B738,9H-QEK,C,,
31-Mar-26,11:55,EW9395,Dusseldorf (DUS),DUS,Eurowings,A321,D-AIDO,C,,
31-Mar-26,12:00,EI164,London (LHR),LHR,Aer Lingus,A320,EI-FNJ,C,,
31-Mar-26,12:00,FR7032,Faro (FAO),FAO,Ryanair,B738,9H-QDL,C,,
31-Mar-26,12:00,HU752,Beijing (PEK),PEK,Hainan Airlines,A333,B-1021,E,,
31-Mar-26,12:05,FR1974,Poznan (POZ),POZ,Ryanair,B738,EI-GJT,C,,
31-Mar-26,12:05,FR7062,Alicante (ALC),ALC,Ryanair,B738,SP-RKH,C,,
31-Mar-26,12:20,EI514,Marseille (MRS),MRS,Aer Lingus,A320,EI-DEM,C,,
31-Mar-26,12:25,LH979,Frankfurt (FRA),FRA,Lufthansa,A20N,D-AIJD,C,,
31-Mar-26,12:30,EI160,London (LHR),LHR,Aer Lingus,A20N,EI-NSH,C,,
31-Mar-26,12:30,FR1740,Valencia (VLC),VLC,Ryanair,B738,EI-EGD,C,,
31-Mar-26,12:30,UA229,Washington (IAD),IAD,United Airlines,B752,N19117,D,,
31-Mar-26,12:30,XQ533,Antalya (AYT),AYT,SunExpress (Crystal Palace Livery),B38M,TC-SMF,C,,
31-Mar-26,12:35,EI117,Washington (IAD),IAD,Aer Lingus,A21N,EI-LRA,C,,
31-Mar-26,12:40,AA723,Philadelphia (PHL),PHL,American Airlines,B788,N874AN,E,,
31-Mar-26,12:40,SK538,Copenhagen (CPH),CPH,SAS,A20N,EI-SIB,C,,
31-Mar-26,12:45,EI208,Manchester (MAN),MAN,Aer Lingus,A320,EI-GAM,C,,
31-Mar-26,12:50,BA829,London (LHR),LHR,British Airways,A21N,G-TNEE,C,,
31-Mar-26,12:50,EI552,Lyon (LYS),LYS,Aer Lingus,A21N,EI-LRF,C,,
31-Mar-26,12:50,WF373,Bergen (BGO),BGO,Wideroe,E290,LN-WEB,C,,
31-Mar-26,12:55,FR816,Edinburgh (EDI),EDI,Ryanair,B38M,EI-ILH,C,,
31-Mar-26,13:00,EI61,San Francisco (SFO),SFO,Aer Lingus,A333,EI-EIM,E,,
31-Mar-26,13:00,EW2775,Stuttgart (STR),STR,Eurowings,A319,D-AGWV,C,,
31-Mar-26,13:00,FR506,Bristol (BRS),BRS,Ryanair,B738,SP-RKD,C,,
31-Mar-26,13:00,FR9456,Bologna (BLQ),BLQ,Ryanair,B738,9H-QCX,C,,
31-Mar-26,13:00,LX401,Zurich (ZRH),ZRH,Swiss,BCS3,HB-JCJ,C,,
31-Mar-26,13:05,FR152,Leeds (LBA),LBA,Ryanair,B38M,9H-VVL,C,,
31-Mar-26,13:10,EI584,Malaga (AGP),AGP,Aer Lingus,A320,EI-DVG,C,,
31-Mar-26,13:15,DL45,New York (JFK),JFK,Delta Air Lines,B763,N173DZ,D,,
31-Mar-26,13:15,FR9177,Ibiza (IBZ),IBZ,Ryanair,B738,SP-RSQ,C,,
31-Mar-26,13:15,FR9776,Nimes (FNI),FNI,Ryanair,B738,SP-RKV,C,,
31-Mar-26,13:20,EI101,New York (EWR),EWR,Aer Lingus,A21N,EI-LRC,C,,
31-Mar-26,13:20,EI127,Toronto (YYZ),YYZ,Aer Lingus,A333,EI-DUZ,E,,
31-Mar-26,13:20,FR288,London (STN),STN,Ryanair,B738,SP-RKW,C,,
31-Mar-26,13:20,FR8130,Malaga (AGP),AGP,Ryanair,B38M,EI-IJD,C,,
31-Mar-26,13:25,FR24,Paris (BVA),BVA,Ryanair,B38M,EI-IJZ,C,,
31-Mar-26,13:25,KL1140,Amsterdam (AMS),AMS,KLM,E295,PH-NXW,C,,
31-Mar-26,13:30,EI166,London (LHR),LHR,Aer Lingus,A20N,EI-NSD,C,,
31-Mar-26,13:30,EI526,Paris (CDG),CDG,Aer Lingus,A320,EI-EDS,C,,
31-Mar-26,13:35,EI608,Amsterdam (AMS),AMS,Aer Lingus,A320,EI-DEP,C,,
31-Mar-26,13:35,UA316,New York (EWR),EWR,United Airlines,B752,N14115,D,,
31-Mar-26,13:45,EI3256,Edinburgh (EDI),EDI,Aer Lingus Regional,AT76,EI-FAT,B,,
31-Mar-26,13:50,EI147,Bridgetown (BGI),BGI,Aer Lingus,A21N,EI-XLV,C,,
31-Mar-26,14:00,FR1992,La Rochelle (LRH),LRH,Ryanair,B738,EI-GXK,C,,
31-Mar-26,14:05,EI77,Nashville (BNA),BNA,Aer Lingus,A21N,EI-XLR,C,,
31-Mar-26,14:05,EI121,Orlando (MCO),MCO,Aer Lingus,A333,EI-FNH,E,,
31-Mar-26,14:05,EA3224,Glasgow (GLA),GLA,Aer Lingus Regional,AT76,EI-HPJ,B,,
31-Mar-26,14:05,EI3330,Exeter (EXT),EXT,Aer Lingus Regional,AT76,EI-GZV,B,,
31-Mar-26,14:05,PC1158,Istanbul (SAW),SAW,Pegasus,A20N,TC-NBA,C,,
31-Mar-26,14:05,N/A,London (BQH),BQH,NetJets,C56X,G-NJAK,C,,
31-Mar-26,14:10,EI131,Windsor Locks (BDL),BDL,Aer Lingus,A21N,EI-LRD,C,,
31-Mar-26,14:15,EI708,Marrakesh (RAK),RAK,Aer Lingus,A320,EI-DVN,C,,
31-Mar-26,14:15,FI419,Reykjavik (KEF),KEF,Icelandair,B39M,TF-ICA,C,,
31-Mar-26,14:20,EI464,Malta (MLA),MLA,Aer Lingus,A320,EI-DES,C,,
31-Mar-26,14:20,EI748,Bilbao (BIO),BIO,Aer Lingus,A320,EI-DVH,C,,
31-Mar-26,14:20,EK162,Dubai (DXB),DXB,Emirates,B77W,A6-ENV,C,,
31-Mar-26,14:20,FR1986,Nantes (NTE),NTE,Ryanair,B38M,9H-VUZ,C,,
31-Mar-26,14:20,FR5131,Basel (BSL),BSL,Ryanair,B738,9H-QAD,C,,
31-Mar-26,14:20,MS776,Cairo (CAI),CAI,Egyptair (90 Years Sticker),A20N,SU-GFO,C,,
31-Mar-26,14:25,EI89,Minneapolis (MSP),MSP,Aer Lingus,A21N,EI-XLW,C,,
31-Mar-26,14:30,EI168,London (LHR),LHR,Aer Lingus,A20N,EI-NSE,C,,
31-Mar-26,14:30,FR340,London (LTN),LTN,Ryanair,B738,SP-RKM,C,,
31-Mar-26,14:30,FR558,Manchester (MAN),MAN,Ryanair,B738,EI-EMH,C,,
31-Mar-26,14:30,FR9611,Rome (FCO),FCO,Ryanair,B738,SP-RNP,C,,
31-Mar-26,14:30,N/A,London (LCY),LCY,NetJets,C68A,CS-LUD,C,,
31-Mar-26,14:40,EA3286,Bristol (BRS),BRS,Aer Lingus Regional,AT76,EI-GPN,B,,
31-Mar-26,14:40,FR5151,Glasgow (GLA),GLA,Ryanair,B38M,EI-IHC,C,,
31-Mar-26,14:45,N/A,Maastricht (MST),MST,NetJets,GLEX,CS-GLK,C,,
31-Mar-26,14:50,EI51,Las Vegas (LAS),LAS,Aer Lingus,A332,EI-DUO,E,,
31-Mar-26,14:50,EI412,Verona (VRN),VRN,Aer Lingus,A320,EI-DVE,C,,
31-Mar-26,14:50,FR664,Birmingham (BHX),BHX,Ryanair,B38M,9H-VVJ,C,,
31-Mar-26,14:50,FR7235,Malta (MLA),MLA,Ryanair,B38M,EI-HMZ,C,,
31-Mar-26,15:00,DL155,Boston (BOS),BOS,Delta Air Lines,B763,N178DZ,D,,
31-Mar-26,15:00,EI764,Tenerife (TFS),TFS,Aer Lingus (Retro livery),A320,EI-DVM,C,,
31-Mar-26,15:00,EI782,Gran Canaria (LPA),LPA,Aer Lingus,A320,EI-DVL,C,,
31-Mar-26,15:00,EI778,Lanzarote (ACE),ACE,Aer Lingus,A20N,EI-NSB,C,,
31-Mar-26,15:00,FR884,Fuerteventura (FUE),FUE,Ryanair,B38M,EI-HGP,C,,
31-Mar-26,15:00,N/A,Reykjavik (KEF),KEF,-,H25B,OY-JBJ,C,,
31-Mar-26,15:05,FR3100,Amsterdam (AMS),AMS,Ryanair,B38M,EI-HET,C,,
31-Mar-26,15:10,EA3242,Aberdeen (ABZ),ABZ,Aer Lingus Regional,AT76,EI-GPO,B,,
31-Mar-26,15:15,BA831,London (LHR),LHR,British Airways,A320,G-EUYC,C,,
31-Mar-26,15:15,FR831,Venice (VCE),VCE,Ryanair,B738,9H-QEW,C,,
31-Mar-26,15:20,FR8564,Malaga (AGP),AGP,Ryanair,B738,EI-EVJ,C,,
31-Mar-26,15:25,FR118,London (LGW),LGW,Ryanair,B38M,9H-VUQ,C,,
31-Mar-26,15:25,FR442,Liverpool (LPL),LPL,Ryanair,B38M,EI-IHN,C,,
31-Mar-26,15:25,FR7124,Lanzarote (ACE),ACE,Ryanair,B38M,EI-IFW,C,,
31-Mar-26,15:35,FR7121,Tenerife (TFS),TFS,Ryanair,B38M,EI-HEN,C,,
31-Mar-26,15:40,EI87,Cleveland (CLE),CLE,Aer Lingus,A21N,EI-XLU,C,,
31-Mar-26,15:40,EI798,Izmir (ADB),ADB,Aer Lingus,A320,EI-DEJ,C,,
31-Mar-26,15:40,EA3930,Newquay (NQY),NQY,Aer Lingus Regional,AT76,EI-HDK,B,,
31-Mar-26,15:45,BA4467,London (LCY),LCY,British Airways,E190,G-LCAE,C,,
31-Mar-26,15:45,EI406,Rome (FCO),FCO,Aer Lingus,A320,EI-DER,C,,
31-Mar-26,15:45,FR204,London (STN),STN,Ryanair,B738,SP-RNS,C,,
31-Mar-26,15:50,EA3216,Isle of Man (IOM),IOM,Aer Lingus Regional,AT76,EI-HPK,B,,
31-Mar-26,15:50,EA3326,Manchester (MAN),MAN,Aer Lingus Regional,AT76,EI-HNA,B,,
31-Mar-26,15:55,EI172,London (LHR),LHR,Aer Lingus,A20N,EI-NSG,C,,
31-Mar-26,16:05,FR7328,Lisbon (LIS),LIS,Ryanair,B38M,EI-HGW,C,,
31-Mar-26,16:10,EI586,Malaga (AGP),AGP,Aer Lingus,A320,EI-EDP,C,,
31-Mar-26,16:15,EI574,Alicante (ALC),ALC,Aer Lingus,A320,EI-DVK,C,,
31-Mar-26,16:20,AF1817,Paris (CDG),CDG,Air France,BCS3,F-HZUN,C,,
31-Mar-26,16:20,EI496,Faro (FAO),FAO,Aer Lingus,A320,EI-GAM,C,,
31-Mar-26,16:25,EI736,Palma de Mallorca (PMI),PMI,Aer Lingus,A320,EI-DEK,C,,
31-Mar-26,16:25,FR120,London (LGW),LGW,Ryanair,B738,EI-DPP,C,,
31-Mar-26,16:25,FR808,Edinburgh (EDI),EDI,Ryanair,B38M,EI-IHY,C,,
31-Mar-26,16:25,FR1452,Brussels (BRU),BRU,Ryanair,B738,EI-DPN,C,,
31-Mar-26,16:30,FR8912,Zagreb (ZAG),ZAG,Lauda Europe,A320,9H-LAX,C,,
31-Mar-26,16:35,EI119,Washington (IAD),IAD,Aer Lingus,A21N,EI-LRG,C,,
31-Mar-26,16:40,FR5306,Kerry (KIR),KIR,Ryanair,B738,SP-RKD,C,,
31-Mar-26,16:40,FR7326,Prague (PRG),PRG,Ryanair,B738,SP-RSF,C,,
31-Mar-26,16:45,BA4469,London (LCY),LCY,British Airways,E190,G-LCYS,C,,
31-Mar-26,16:45,EI107,New York (JFK),JFK,Aer Lingus,A21N,EI-LRE,C,,
31-Mar-26,16:45,EI125,Chicago (ORD),ORD,Aer Lingus,A333,EI-EIL,E,,
31-Mar-26,16:45,EI137,Boston (BOS),BOS,Aer Lingus,A333,EI-EIN,E,,
31-Mar-26,16:45,FR943,Palma de Mallorca (PMI),PMI,Ryanair,B38M,EI-IFS,C,,
31-Mar-26,16:50,FR562,Manchester (MAN),MAN,Ryanair,B38M,9H-VUW,C,,
31-Mar-26,16:50,FR4224,Bratislava (BTS),BTS,Ryanair,B738,9H-QCT,C,,
31-Mar-26,17:00,FR7034,Faro (FAO),FAO,Ryanair,B738,EI-DPL,C,,
31-Mar-26,17:05,TK1978,Istanbul (IST),IST,Turkish Airlines,B738,TC-JHV,C,,
31-Mar-26,17:15,FR3977,Barcelona (BCN),BCN,Ryanair,B738,9H-QDI,C,,
31-Mar-26,17:20,FR3880,Dubrovnik (DBV),DBV,Ryanair,B38M,EI-ILJ,C,,
31-Mar-26,17:20,FR5203,Sofia (SOF),SOF,Ryanair,B38M,EI-ILC,C,,
31-Mar-26,17:20,KL1142,Amsterdam (AMS),AMS,KLM,E190,PH-EZL,C,,
31-Mar-26,17:30,EI176,London (LHR),LHR,Aer Lingus,A20N,EI-NSA,C,,
31-Mar-26,17:35,LH981,Frankfurt (FRA),FRA,Lufthansa,A321,D-AISH,C,,
31-Mar-26,17:45,VL2519,Munich (MUC),MUC,Lufthansa City,A20N,D-AIIC,C,,
31-Mar-26,17:50,EI336,Berlin (BER),BER,Aer Lingus,A320,EI-DVI,C,,
31-Mar-26,17:50,EA3228,Glasgow (GLA),GLA,Aer Lingus Regional,AT76,EI-GZV,B,,
31-Mar-26,17:50,EA3308,Southampton (SOU),SOU,Aer Lingus Regional,AT76,EI-HPJ,B,,
31-Mar-26,17:50,FR5021,Pisa (PSA),PSA,Ryanair,B38M,9H-VVJ,C,,
31-Mar-26,17:50,FR7134,Palermo (PMO),PMO,Ryanair,B738,SP-RND,C,,
31-Mar-26,17:55,FR7312,Zadar (ZAD),ZAD,Ryanair,B38M,EI-IHC,C,,
31-Mar-26,18:00,AY1386,Helsinki (HEL),HEL,Finnair,A319,OH-LVH,C,,
31-Mar-26,18:00,FR122,London (LGW),LGW,Ryanair,B738,9H-QEK,C,,
31-Mar-26,18:00,FR3102,Amsterdam (AMS),AMS,Ryanair,B738,SP-RKM,C,,
31-Mar-26,18:00,N/A,Tirana (TIA),TIA,Ryanair,CL35,M-ASBA,C,,
31-Mar-26,18:05,FR290,London (STN),STN,Ryanair,B38M,EI-IHN,C,,
31-Mar-26,18:05,FR8134,Alicante (ALC),ALC,Ryanair,B38M,EI-HMW,C,,
31-Mar-26,18:10,FR9977,Ibiza (IBZ),IBZ,Ryanair,B738,EI-EBY,C,,
31-Mar-26,18:20,EI610,Amsterdam (AMS),AMS,Aer Lingus,A320,EI-FNJ,C,,
31-Mar-26,18:20,FR8107,Reus (REU),REU,Ryanair,B738,EI-GXK,C,,
31-Mar-26,18:30,EI528,Paris (CDG),CDG,Aer Lingus,A320,EI-DEI,C,,
31-Mar-26,18:30,EA3258,Edinburgh (EDI),EDI,Aer Lingus Regional,AT76,EI-FAT,B,,
31-Mar-26,18:30,FR20,Newcastle (NCL),NCL,Ryanair,B738,EI-GJT,C,,
31-Mar-26,18:35,FR126,London (LGW),LGW,Ryanair,B738,9H-QCA,C,,
31-Mar-26,18:35,FR7002,Girona (GRO),GRO,Ryanair,B38M,9H-VUZ,C,,
31-Mar-26,18:35,LX405,Zurich (ZRH),ZRH,airBaltic,BCS3,YL-BTB,C,,
31-Mar-26,18:35,FX5201,London (STN),STN,FedEx,B763,N107FE,D,,
31-Mar-26,18:35,N/A,Zurich (ZRH),ZRH,airBaltic,BCS3,YL-BTB,C,,
31-Mar-26,18:40,EI486,Lisbon (LIS),LIS,Aer Lingus,A20N,EI-NSD,C,,
31-Mar-26,18:45,FR4038,Milan (BGY),BGY,Ryanair,B38M,9H-VVR,C,,
31-Mar-26,18:50,EI276,Birmingham (BHX),BHX,Aer Lingus,A320,EI-GAL,C,,
31-Mar-26,18:50,EI3408,Donegal (CFN),CFN,Aer Lingus Regional,AT76,EI-HPK,B,,
31-Mar-26,18:50,TP1325,Lisbon (LIS),LIS,TAP Express,E190,CS-TPO,C,,
31-Mar-26,18:55,EI564,Barcelona (BCN),BCN,Aer Lingus,A320,EI-EDS,C,,
31-Mar-26,18:55,FR1860,Paris (BVA),BVA,Ryanair,B738,SP-RKV,C,,
31-Mar-26,18:55,TK6425,Milan (MXP),MXP,Turkish Airlines,33X,,C,,
31-Mar-26,19:00,EI182,London (LHR),LHR,Aer Lingus,A20N,EI-NSE,C,,
31-Mar-26,19:05,SK2538,Copenhagen (CPH),CPH,SAS,A20N,EI-SIG,C,,
31-Mar-26,19:10,EI3328,Manchester (MAN),MAN,Aer Lingus Regional,AT76,EI-HNA,B,,
31-Mar-26,19:10,FR508,Bristol (BRS),BRS,Ryanair,B38M,EI-HGG,C,,
31-Mar-26,19:15,AF1117,Paris (CDG),CDG,Air France,BCS3,F-HZUA,C,,
31-Mar-26,19:15,FR3568,Santiago de Compostela (SCQ),SCQ,Ryanair,B738,SP-RNS,C,,
31-Mar-26,19:15,FR5563,Glasgow (GLA),GLA,Ryanair,B738,SP-RKH,C,,
31-Mar-26,19:20,BA4473,London (LCY),LCY,British Airways,E190,G-LCAG,C,,
31-Mar-26,19:20,EI3274,Birmingham (BHX),BHX,Aer Lingus,AT7,,B,,
31-Mar-26,19:20,FR7072,Porto (OPO),OPO,Ryanair,B738,SP-RKD,C,,
31-Mar-26,19:20,N/A,Birmingham (BHX),BHX,Aer Lingus Regional,AT76,EI-HDK,B,,
31-Mar-26,19:25,FR142,London (LGW),LGW,Ryanair,B38M,9H-VUQ,C,,
31-Mar-26,19:25,FR7799,Milan (MXP),MXP,Ryanair,B38M,EI-IHY,C,,
31-Mar-26,19:30,BA833,London (LHR),LHR,British Airways,A320,G-EUYA,C,,
31-Mar-26,19:30,EA3196,Liverpool (LPL),LPL,Aer Lingus Regional,AT76,EI-GPO,B,,
31-Mar-26,19:35,FR632,Copenhagen (CPH),CPH,Ryanair,B38M,EI-HET,C,,
31-Mar-26,19:35,FR4501,Cologne (CGN),CGN,Ryanair,B738,9H-QAD,C,,
31-Mar-26,19:45,EI109,New York (JFK),JFK,Aer Lingus,A21N,EI-LRF,C,,
31-Mar-26,19:45,FR5418,Berlin (BER),BER,Ryanair,B738,EI-EBV,C,,
31-Mar-26,19:55,5X207,London (STN),STN,UPS,B763,N327UP,D,,
31-Mar-26,20:00,FR211,London (STN),STN,Ryanair,B738,SP-RSQ,C,,
31-Mar-26,20:10,BA4471,London (LCY),LCY,British Airways,E190,G-LCAE,C,,
31-Mar-26,20:10,FR666,Birmingham (BHX),BHX,Ryanair,B738,EI-DPP,C,,
31-Mar-26,20:15,FR1556,Manchester (MAN),MAN,Ryanair,B738,9H-QBZ,C,,
31-Mar-26,20:25,BA835,London (LHR),LHR,British Airways,A21N,G-NEOV,C,,
31-Mar-26,20:30,FR448,Liverpool (LPL),LPL,Ryanair,B738,EI-DCL,C,,
31-Mar-26,20:30,FR812,Edinburgh (EDI),EDI,Ryanair,B38M,EI-IJD,C,,
31-Mar-26,20:35,FR7132,Faro (FAO),FAO,Ryanair,B738,EI-EVR,C,,
31-Mar-26,20:45,FR2030,Krakow (KRK),KRK,Ryanair,B38M,SP-RZO,C,,
31-Mar-26,20:50,N/A,Leipzig (LEJ),LEJ,Titan Airways,A321,9H-ZTB,C,,
31-Mar-26,21:05,DN508,Bucharest (OTP),OTP,Dan Air,A320,YR-JUL,C,,
31-Mar-26,21:05,N/A,Nottingham (EMA),EMA,DHL,B738,EC-IXE,C,,
31-Mar-26,21:19,5X249,Cologne (CGN),CGN,UPS,B763,N391UP,D,,
31-Mar-26,21:20,FR556,Manchester (MAN),MAN,Ryanair,B738,EI-DPN,C,,
31-Mar-26,21:20,FR7787,Marrakesh (RAK),RAK,Ryanair,B738,EI-EKI,C,,
31-Mar-26,21:30,FR7156,Madrid (MAD),MAD,Ryanair,B738,EI-DWA,C,,
31-Mar-26,21:35,FR342,London (LTN),LTN,Ryanair,B38M,EI-ILG,C,,
31-Mar-26,21:35,VY8723,Barcelona (BCN),BCN,Vueling,A320,EC-LOP,C,,
31-Mar-26,21:40,FR668,Birmingham (BHX),BHX,Ryanair,B738,EI-GJT,C,,
31-Mar-26,21:45,FR6395,Barcelona (BCN),BCN,Ryanair,B738,9H-QEK,C,,
31-Mar-26,21:50,FR634,Cardiff (CWL),CWL,Ryanair,B738,SP-RNP,C,,
31-Mar-26,22:00,EK164,Dubai (DXB),DXB,Emirates,B77W,A6-EPH,C,,
31-Mar-26,22:00,FR292,London (STN),STN,Ryanair,B738,EI-DLI,C,,
31-Mar-26,22:00,FR513,Bristol (BRS),BRS,Ryanair,B38M,EI-IKR,C,,
31-Mar-26,22:00,5O4394,Paris (CDG),CDG,ASL Airlines,B738,F-HIQB,C,,
31-Mar-26,22:50,FR457,Leeds (LBA),LBA,Ryanair,B38M,9H-VVL,C,,
31-Mar-26,23:20,5F5712,Chisinau (RMO),RMO,FlyOne,A321,ER-00003,C,,
31-Mar-26,23:30,N/A,Kaunas (KUN),KUN,Ryanair,B38M,EI-HGW,C,,
01-Apr-26,02:20,LH8321,Frankfurt (FRA),FRA,Lufthansa Cargo,A321,D-AEUA,C,,
01-Apr-26,03:50,XM359,Maastricht (MST),MST,Zimex Aviation,AT72,HB-AFJ,B,,
01-Apr-26,05:28,5X248,Shannon (SNN),SNN,UPS,B763,N391UP,D,,
01-Apr-26,05:35,5O4294,Shannon (SNN),SNN,ASL Airlines,B738,F-HIQB,C,,
01-Apr-26,05:35,N/A,Cologne (CGN),CGN,DHL,A306,D-AEAT,C,,
01-Apr-26,05:45,FR46,Brussels (CRL),CRL,Ryanair,B738,9H-QAL,C,,
01-Apr-26,05:45,FR808,Edinburgh (EDI),EDI,Ryanair,B738,9H-QCT,C,,
01-Apr-26,05:45,FR943,Palma de Mallorca (PMI),PMI,Ryanair,B738,EI-DPN,C,,
01-Apr-26,05:45,FR1986,Nantes (NTE),NTE,Ryanair,B738,SP-RSQ,C,,
01-Apr-26,05:45,FR7030,Faro (FAO),FAO,Ryanair,B738,EI-DPP,C,,
01-Apr-26,05:45,FR7378,Marrakesh (RAK),RAK,Ryanair,B738,SP-RNS,C,,
01-Apr-26,05:50,FR7358,Bari (BRI),BRI,Ryanair,B38M,EI-IHC,C,,
01-Apr-26,05:55,AF1017,Paris (CDG),CDG,Air France,BCS3,F-HPNM,C,,
01-Apr-26,05:55,FR1901,Krakow (KRK),KRK,Ryanair,B38M,EI-IFW,C,,
01-Apr-26,05:55,FR5555,Tenerife (TFS),TFS,Ryanair,B38M,EI-HEN,C,,
01-Apr-26,05:55,KL1134,Amsterdam (AMS),AMS,KLM,B738,PH-BGA,C,,
01-Apr-26,05:55,LH983,Frankfurt (FRA),FRA,Lufthansa,A321,D-AISG,C,,
01-Apr-26,06:05,EY46,Abu Dhabi (AUH),AUH,Etihad Airways,B789,A6-BNA,E,,
01-Apr-26,06:15,EI450,Naples (NAP),NAP,Aer Lingus,A320,EI-GAL,C,,
01-Apr-26,06:15,EI602,Amsterdam (AMS),AMS,Aer Lingus,A320,EI-DEK,C,,
01-Apr-26,06:15,EI680,Geneva (GVA),GVA,Aer Lingus,A320,EI-DEM,C,,
01-Apr-26,06:15,EA3400,Donegal (CFN),CFN,Aer Lingus Regional,AT76,EI-GPO,B,,
01-Apr-26,06:15,FR2412,Memmingen (FMM),FMM,Ryanair,B738,EI-GXK,C,,
01-Apr-26,06:15,FR4844,Milan (BGY),BGY,Ryanair,B38M,EI-ILJ,C,,
01-Apr-26,06:15,FR7762,Alicante (ALC),ALC,Ryanair,B38M,EI-IJD,C,,
01-Apr-26,06:20,EI402,Rome (FCO),FCO,Aer Lingus,A320,EI-EDP,C,,
01-Apr-26,06:20,EI592,Madrid (MAD),MAD,Aer Lingus,A320,EI-FNJ,C,,
01-Apr-26,06:20,FR276,Glasgow (GLA),GLA,Ryanair,B738,SP-RND,C,,
01-Apr-26,06:20,FR3995,Agadir (AGA),AGA,Ryanair,B738,EI-EVJ,C,,
01-Apr-26,06:20,FR7046,Malaga (AGP),AGP,Ryanair,B38M,EI-ILC,C,,
01-Apr-26,06:20,FR9582,Iasi (IAS),IAS,Ryanair,B38M,EI-IHM,C,,
01-Apr-26,06:25,EA3300,Southampton (SOU),SOU,Aer Lingus Regional,AT76,EI-HPK,B,,
01-Apr-26,06:30,EI152,London (LHR),LHR,Aer Lingus,A20N,EI-NSE,C,,
01-Apr-26,06:30,EI202,Manchester (MAN),MAN,Aer Lingus,A320,EI-DEJ,C,,
01-Apr-26,06:30,EI262,Birmingham (BHX),BHX,Aer Lingus,A320,EI-DEI,C,,
01-Apr-26,06:30,FR30,London (STN),STN,Ryanair,B738,SP-RKM,C,,
01-Apr-26,06:30,FR552,Manchester (MAN),MAN,Ryanair,B738,SP-RKD,C,,
01-Apr-26,06:30,FR5125,Hamburg (HAM),HAM,Ryanair,B738,EI-EBL,C,,
01-Apr-26,06:30,FR5568,Rome (FCO),FCO,Ryanair,B38M,EI-HMZ,C,,
01-Apr-26,06:40,EI332,Berlin (BER),BER,Aer Lingus,A320,EI-DVG,C,,
01-Apr-26,06:40,EI562,Barcelona (BCN),BCN,Aer Lingus,A20N,EI-NSD,C,,
01-Apr-26,06:40,EA3250,Edinburgh (EDI),EDI,Aer Lingus Regional,AT76,EI-FAT,B,,
01-Apr-26,06:40,FR2703,Seville (SVQ),SVQ,Ryanair,B38M,EI-IFS,C,,
01-Apr-26,06:45,EI520,Paris (CDG),CDG,Aer Lingus,A21N,EI-LRD,C,,
01-Apr-26,06:45,FR328,Bucharest (OTP),OTP,Ryanair,B38M,9H-VVJ,C,,
01-Apr-26,06:50,EI630,Brussels (BRU),BRU,Aer Lingus (Retro livery),A320,EI-DVM,C,,
01-Apr-26,06:50,EI692,Dusseldorf (DUS),DUS,Aer Lingus,A320,EI-GAM,C,,
01-Apr-26,06:50,EI3220,Glasgow (GLA),GLA,Aer Lingus Regional,AT76,EI-HNA,B,,
01-Apr-26,06:50,EI3390,Leeds (LBA),LBA,Aer Lingus Regional,AT76,EI-GZV,B,,
01-Apr-26,06:50,FR112,London (LGW),LGW,Ryanair,B38M,EI-HET,C,,
01-Apr-26,06:55,FR22,Paris (BVA),BVA,Ryanair,B38M,EI-IKW,C,,
01-Apr-26,06:55,FR94,Gran Canaria (LPA),LPA,Ryanair,B38M,9H-VUZ,C,,
01-Apr-26,07:00,BA4461,London (LCY),LCY,British Airways,E190,G-LCYP,C,,
01-Apr-26,07:00,EI432,Milan (LIN),LIN,Aer Lingus,A320,EI-DVN,C,,
01-Apr-26,07:00,EI502,Bordeaux (BOD),BOD,Aer Lingus,A20N,EI-NSB,C,,
01-Apr-26,07:00,EI650,Frankfurt (FRA),FRA,Aer Lingus,A320,EI-DEL,C,,
01-Apr-26,07:00,EI776,Lanzarote (ACE),ACE,Aer Lingus,A320,EI-DES,C,,
01-Apr-26,07:00,FR660,Birmingham (BHX),BHX,Ryanair,B38M,EI-HMW,C,,
01-Apr-26,07:10,EI342,Zurich (ZRH),ZRH,Aer Lingus,A320,EI-DEP,C,,
01-Apr-26,07:10,EI660,Vienna (VIE),VIE,Aer Lingus,A320,EI-DVL,C,,
01-Apr-26,07:10,FR420,Amsterdam (AMS),AMS,Ryanair,B738,SP-RKH,C,,
01-Apr-26,07:10,FR436,Liverpool (LPL),LPL,Ryanair,B738,EI-GSK,C,,
01-Apr-26,07:10,FR657,Brussels (BRU),BRU,Ryanair,B738,SP-RKV,C,,
01-Apr-26,07:10,FR5910,Lanzarote (ACE),ACE,Ryanair,B38M,9H-VUQ,C,,
01-Apr-26,07:15,EI352,Munich (MUC),MUC,Aer Lingus,A320,EI-DVH,C,,
01-Apr-26,07:20,EI580,Malaga (AGP),AGP,Aer Lingus,A333,EI-FNG,E,,
01-Apr-26,07:20,EI762,Tenerife (TFS),TFS,Aer Lingus,A320,EI-DVI,C,,
01-Apr-26,07:20,FR5021,Pisa (PSA),PSA,Ryanair,B38M,EI-IHY,C,,
01-Apr-26,07:20,FR7235,Malta (MLA),MLA,Ryanair,B738,EI-EBY,C,,
01-Apr-26,07:25,EI642,Prague (PRG),PRG,Aer Lingus,A320,EI-EDS,C,,
01-Apr-26,07:25,FR156,Leeds (LBA),LBA,Ryanair,B738,9H-QFD,C,,
01-Apr-26,07:30,EI154,London (LHR),LHR,Aer Lingus,A20N,EI-NSG,C,,
01-Apr-26,07:30,EI492,Faro (FAO),FAO,Aer Lingus,A320,EI-DVE,C,,
01-Apr-26,07:30,EI3320,Manchester (MAN),MAN,Aer Lingus,AT7,,B,,
01-Apr-26,07:30,EA3350,Newcastle (NCL),NCL,Aer Lingus Regional,AT76,EI-HDK,B,,
01-Apr-26,07:30,N/A,Manchester (MAN),MAN,Aer Lingus Regional,AT76,EI-HPJ,B,,
01-Apr-26,07:35,FR2971,Kaunas (KUN),KUN,Ryanair,B38M,SP-RZL,C,,
01-Apr-26,07:40,EI672,Budapest (BUD),BUD,Aer Lingus,A320,EI-DVK,C,,
01-Apr-26,07:50,EA3550,Edinburgh (EDI),EDI,Aer Lingus Regional,AT76,EI-GPN,B,,
01-Apr-26,07:50,FR114,London (LGW),LGW,Ryanair,B738,SP-RNP,C,,
01-Apr-26,07:50,FR504,Bristol (BRS),BRS,Ryanair,B738,9H-QCO,C,,
01-Apr-26,07:50,FR1948,Luxembourg (LUX),LUX,Ryanair,B738,9H-QAD,C,,
01-Apr-26,07:50,N/A,Edinburgh (EDI),EDI,Aer Lingus Regional,AT76,EI-GPN,B,,
01-Apr-26,08:00,FR340,London (LTN),LTN,Ryanair,B38M,9H-VUH,C,,
01-Apr-26,08:00,FR3977,Barcelona (BCN),BCN,Ryanair,B738,EI-EME,C,,
01-Apr-26,08:00,FR5418,Berlin (BER),BER,Ryanair,B38M,EI-IGK,C,,
01-Apr-26,08:05,FR10,Madrid (MAD),MAD,Ryanair,B38M,EI-HGY,C,,
01-Apr-26,08:20,H5334,Milan (LIN),LIN,VistaJet,C56X,D-CXLS,C,,
01-Apr-26,08:25,TK6425,Milan (MXP),MXP,Turkish Cargo,A332,TC-JCI,E,,
01-Apr-26,08:30,FR272,London (STN),STN,Ryanair,B738,9H-QCA,C,,
01-Apr-26,08:35,BA825,London (LHR),LHR,British Airways,A320,G-EUUJ,C,,
01-Apr-26,08:40,EI156,London (LHR),LHR,Aer Lingus,A20N,EI-NSA,C,,
01-Apr-26,08:45,BA4463,London (LCY),LCY,British Airways,E190,G-LCAG,C,,
01-Apr-26,08:50,FR7032,Faro (FAO),FAO,Ryanair,B38M,EI-HMW,C,,
01-Apr-26,08:50,LH977,Frankfurt (FRA),FRA,Lufthansa,A319,D-AIBF,C,,
01-Apr-26,08:50,UA311,Washington (IAD),IAD,United Airlines,B752,N14106,D,,
01-Apr-26,08:55,KL1136,Amsterdam (AMS),AMS,KLM,E295,PH-NXI,C,,
01-Apr-26,08:58,FX5202,Liege (LGG),LGG,FedEx,B763,N107FE,D,,
01-Apr-26,09:00,D83607,Copenhagen (CPH),CPH,Norwegian (Gustav Vigeland Livery),B738,SE-RPL,C,,
01-Apr-26,09:15,AF1617,Paris (CDG),CDG,Air France,BCS3,F-HOZB,C,,
01-Apr-26,09:17,FX5050,Indianapolis (IND),IND,FedEx,B763,N125FE,D,,
01-Apr-26,09:20,FR611,Kerry (KIR),KIR,Ryanair,B738,SP-RKD,C,,
01-Apr-26,09:25,EA3554,Edinburgh (EDI),EDI,Aer Lingus Regional,AT76,EI-GPO,B,,
01-Apr-26,09:30,AA133,Dallas (DFW),DFW,American Airlines,B788,N871AY,E,,
01-Apr-26,09:30,UA22,New York (EWR),EWR,United Airlines,B77W,N2331U,C,,
01-Apr-26,09:35,FR1111,London (LGW),LGW,Ryanair,B738,9H-QCT,C,,
01-Apr-26,09:40,AY1382,Helsinki (HEL),HEL,Jettime,B738,OY-JZO,C,,
01-Apr-26,09:40,EI158,London (LHR),LHR,Aer Lingus,A20N,EI-NSH,C,,
01-Apr-26,09:40,FR20,Newcastle (NCL),NCL,Ryanair,B38M,EI-HAW,C,,
01-Apr-26,09:45,EI204,Manchester (MAN),MAN,Aer Lingus,A21N,EI-XLV,C,,
01-Apr-26,09:45,EI524,Paris (CDG),CDG,Aer Lingus,A21N,EI-LRA,C,,
01-Apr-26,09:50,AC801,Toronto (YYZ),YYZ,Air Canada,B789,C-FGDZ,E,,
01-Apr-26,09:50,IB1882,Madrid (MAD),MAD,Iberia Express,A320,EC-LVQ,C,,
01-Apr-26,09:55,EI532,Toulouse (TLS),TLS,Aer Lingus,A320,EI-DEJ,C,,
01-Apr-26,09:55,EI604,Amsterdam (AMS),AMS,Aer Lingus,A21N,EI-XLW,C,,
01-Apr-26,10:00,DL259,Minneapolis (MSP),MSP,Delta Air Lines,A333,N806NW,E,,
01-Apr-26,10:00,EI392,Hamburg (HAM),HAM,Aer Lingus,A320,EI-DEI,C,,
01-Apr-26,10:00,VY8721,Barcelona (BCN),BCN,Vueling,A320,EC-MER,C,,
01-Apr-26,10:05,FR554,Manchester (MAN),MAN,Ryanair,B738,SP-RSQ,C,,
01-Apr-26,10:15,FR662,Birmingham (BHX),BHX,Ryanair,B738,SP-RKM,C,,
01-Apr-26,10:15,FR1116,Reus (REU),REU,Ryanair,B738,SP-RND,C,,
01-Apr-26,10:15,FR1740,Valencia (VLC),VLC,Ryanair,B38M,EI-HET,C,,
01-Apr-26,10:20,EA3252,Edinburgh (EDI),EDI,Aer Lingus Regional,AT76,EI-FAT,B,,
01-Apr-26,10:20,EI3322,Manchester (MAN),MAN,Aer Lingus,AT7,,B,,
01-Apr-26,10:20,N/A,Manchester (MAN),MAN,Aer Lingus Regional,AT76,EI-HNA,B,,
01-Apr-26,10:30,BA827,London (LHR),LHR,British Airways,A21N,G-NEOU,C,,
01-Apr-26,10:30,EI404,Rome (FCO),FCO,Aer Lingus,A320,EI-DEH,C,,
01-Apr-26,10:30,EI3264,Birmingham (BHX),BHX,Aer Lingus,AT7,,B,,
01-Apr-26,10:30,N/A,Birmingham (BHX),BHX,Aer Lingus Regional,AT76,EI-GZV,B,,
01-Apr-26,10:40,FR442,Liverpool (LPL),LPL,Ryanair,B738,EI-DWF,C,,
01-Apr-26,10:40,LH2517,Munich (MUC),MUC,Lufthansa,A21N,D-AIEE,C,,
01-Apr-26,10:40,TK1976,Istanbul (IST),IST,Turkish Airlines,A21N,TC-LSZ,C,,
01-Apr-26,10:45,FR3880,Dubrovnik (DBV),DBV,Ryanair,B38M,SP-RZX,C,,
01-Apr-26,10:45,TP1323,Lisbon (LIS),LIS,TAP Express,E195,CS-TAY,C,,
01-Apr-26,10:50,FR116,London (LGW),LGW,Ryanair,B738,9H-QAL,C,,
01-Apr-26,10:50,FR816,Edinburgh (EDI),EDI,Ryanair,B38M,9H-VUI,C,,
01-Apr-26,10:50,FR6187,Palma de Mallorca (PMI),PMI,Ryanair,B738,9H-QCO,C,,
01-Apr-26,10:55,A3631,Athens (ATH),ATH,Aegean Airlines,A320,SX-DNB,C,,
01-Apr-26,11:00,DL177,Atlanta (ATL),ATL,Delta Air Lines,B764,N825MH,D,,
01-Apr-26,11:00,EI544,Nice (NCE),NCE,Aer Lingus,A320,EI-DER,C,,
01-Apr-26,11:10,EI105,New York (JFK),JFK,Aer Lingus,A333,EI-DUZ,E,,
01-Apr-26,11:10,EI162,London (LHR),LHR,Aer Lingus,A20N,EI-NSE,C,,
01-Apr-26,11:10,KL1138,Amsterdam (AMS),AMS,KLM,B738,PH-BXY,C,,
01-Apr-26,11:15,BA4465,London (LCY),LCY,British Airways,E190,G-LCYP,C,,
01-Apr-26,11:20,EI3266,Birmingham (BHX),BHX,Aer Lingus,AT7,,B,,
01-Apr-26,11:20,N/A,Birmingham (BHX),BHX,Aer Lingus Regional,AT76,EI-HPJ,B,,
01-Apr-26,11:20,N/A,Berlin (BER),BER,NetJets,C56X,CS-DQA,C,,
01-Apr-26,11:25,FR202,London (STN),STN,Ryanair,B738,EI-EBL,C,,
01-Apr-26,11:30,EI3192,Liverpool (LPL),LPL,Aer Lingus,AT7,,B,,
01-Apr-26,11:30,EA3226,Glasgow (GLA),GLA,Aer Lingus Regional,AT76,EI-HPK,B,,
01-Apr-26,11:30,N/A,Liverpool (LPL),LPL,Aer Lingus Regional,AT76,EI-GPN,B,,
01-Apr-26,11:35,EI123,Chicago (ORD),ORD,Aer Lingus,A333,EI-EDY,E,,
01-Apr-26,11:35,FR3006,Amsterdam (AMS),AMS,Ryanair,B738,SP-RNP,C,,
01-Apr-26,11:35,UA981,Chicago (ORD),ORD,United Airlines,B788,N27901,E,,
01-Apr-26,11:40,EI3254,Edinburgh (EDI),EDI,Aer Lingus Regional,AT76,EI-HDK,B,,
01-Apr-26,11:40,FR7367,Vienna (VIE),VIE,Ryanair,B738,SP-RKV,C,,
01-Apr-26,11:40,SK536,Stockholm (ARN),ARN,SAS,A20N,EI-SIW,C,,
01-Apr-26,11:45,AA725,Charlotte (CLT),CLT,American Airlines,B772,N762AN,E,,
01-Apr-26,11:45,FR652,Lisbon (LIS),LIS,Ryanair,B738,SP-RKH,C,,
01-Apr-26,12:00,EI164,London (LHR),LHR,Aer Lingus,A20N,EI-NSB,C,,
01-Apr-26,12:00,FR534,Nottingham (EMA),EMA,Malta Air,B38M,9H-VUF,C,,
01-Apr-26,12:00,FR5432,Ibiza (IBZ),IBZ,Ryanair,B738,SP-RKD,C,,
01-Apr-26,12:00,QS4401,Skopje (SKP),SKP,Smartwings (CSA Livery),BCS3,OK-FYD,C,,
01-Apr-26,12:00,N/A,Leeds (LBA),LBA,NetJets,C68A,CS-LUD,C,,
01-Apr-26,12:00,VJT449,Faro (FAO),FAO,VistaJet,CL35,9H-VCO,C,,
01-Apr-26,12:05,LM52,Aberdeen (ABZ),ABZ,Loganair,AT76,G-LMTI,B,,
01-Apr-26,12:10,FR332,London (LTN),LTN,Ryanair,B38M,EI-ILJ,C,,
01-Apr-26,12:15,FI417,Reykjavik (KEF),KEF,Icelandair,B38M,TF-ICP,C,,
01-Apr-26,12:25,FR556,Manchester (MAN),MAN,Ryanair,B738,EI-DPN,C,,
01-Apr-26,12:25,FR7034,Faro (FAO),FAO,Ryanair,B738,EI-GXK,C,,
01-Apr-26,12:25,LH979,Frankfurt (FRA),FRA,Lufthansa (Superstar Heritage Livery),A321,D-AISZ,C,,
01-Apr-26,12:30,EI160,London (LHR),LHR,Aer Lingus,A20N,EI-NSG,C,,
01-Apr-26,12:30,UA229,Washington (IAD),IAD,United Airlines,B752,N18112,D,,
01-Apr-26,12:35,EI117,Washington (IAD),IAD,Aer Lingus,A21N,EI-XLR,C,,
01-Apr-26,12:35,EI117,Washington (IAD),IAD,Aer Lingus,A21N,EI-XLR,C,,
01-Apr-26,12:40,AA723,Philadelphia (PHL),PHL,American Airlines,B788,N882BL,E,,
01-Apr-26,12:40,FR96,Prague (PRG),PRG,Ryanair,B38M,EI-IFW,C,,
01-Apr-26,12:40,SK538,Copenhagen (CPH),CPH,SAS,A20N,EI-SID,C,,
01-Apr-26,12:45,EI133,Boston (BOS),BOS,Aer Lingus,A21N,EI-LRC,C,,
01-Apr-26,12:45,EI208,Manchester (MAN),MAN,Aer Lingus,A320,EI-DEK,C,,
01-Apr-26,12:45,EW9395,Dusseldorf (DUS),DUS,Eurowings,A319,D-AGWG,C,,
01-Apr-26,12:50,BA829,London (LHR),LHR,British Airways,A320,G-EUYL,C,,
01-Apr-26,12:50,EI552,Lyon (LYS),LYS,Aer Lingus,A320,EI-DEM,C,,
01-Apr-26,12:50,EI742,Santiago de Compostela (SCQ),SCQ,Aer Lingus,A320,EI-DEL,C,,
01-Apr-26,12:50,FR152,Leeds (LBA),LBA,Ryanair,B738,9H-QAD,C,,
01-Apr-26,13:00,EI61,San Francisco (SFO),SFO,Aer Lingus,A333,EI-EIN,E,,
01-Apr-26,13:00,EI526,Paris (CDG),CDG,Aer Lingus,A320,EI-FNJ,C,,
01-Apr-26,13:00,LX401,Zurich (ZRH),ZRH,Swiss,A20N,HB-JDF,C,,
01-Apr-26,13:10,EI584,Malaga (AGP),AGP,Aer Lingus (Retro livery),A320,EI-DVM,C,,
01-Apr-26,13:15,DL45,New York (JFK),JFK,Delta Air Lines,B763,N178DZ,D,,
01-Apr-26,13:15,EI101,New York (EWR),EWR,Aer Lingus,A21N,EI-LRF,C,,
01-Apr-26,13:20,EI127,Toronto (YYZ),YYZ,Aer Lingus,A333,EI-FNH,E,,
01-Apr-26,13:20,FR1958,Nice (NCE),NCE,Ryanair,B738,SP-RSQ,C,,
01-Apr-26,13:25,FR664,Birmingham (BHX),BHX,Ryanair,B38M,EI-ILC,C,,
01-Apr-26,13:25,FR6875,Barcelona (BCN),BCN,Ryanair,B38M,EI-IJD,C,,
01-Apr-26,13:25,FR7054,Malaga (AGP),AGP,Ryanair,B738,EI-DPP,C,,
01-Apr-26,13:25,KL1140,Amsterdam (AMS),AMS,KLM,E295,PH-NXF,C,,
01-Apr-26,13:30,EI166,London (LHR),LHR,Aer Lingus,A20N,EI-NSD,C,,
01-Apr-26,13:30,N/A,Shannon (SNN),SNN,Aer Lingus,A320,EI-GAM,C,,
01-Apr-26,13:35,EI608,Amsterdam (AMS),AMS,Aer Lingus,A320,EI-DEP,C,,
01-Apr-26,13:35,UA316,New York (EWR),EWR,United Airlines,B752,N17126,D,,
01-Apr-26,13:40,FR118,London (LGW),LGW,Ryanair,B38M,EI-IHC,C,,
01-Apr-26,13:40,FR444,Liverpool (LPL),LPL,Ryanair,B738,EI-DLD,C,,
01-Apr-26,13:45,EA3256,Edinburgh (EDI),EDI,Aer Lingus Regional,AT76,EI-GPO,B,,
01-Apr-26,13:50,EI121,Orlando (MCO),MCO,Aer Lingus,A333,EI-EIL,E,,
01-Apr-26,14:00,FR9473,Nantes (NTE),NTE,Ryanair,B38M,EI-IHY,C,,
01-Apr-26,14:05,EA3224,Glasgow (GLA),GLA,Aer Lingus Regional,AT76,EI-HNA,B,,
01-Apr-26,14:05,FR5324,Kosice (KSC),KSC,Ryanair,B38M,EI-IHM,C,,
01-Apr-26,14:05,PC1158,Istanbul (SAW),SAW,Pegasus,A21N,TC-RFS,C,,
01-Apr-26,14:05,EI3330,Exeter (EXT),EXT,Aer Lingus Regional,AT76,EI-FAT,B,,
01-Apr-26,14:10,EI131,Windsor Locks (BDL),BDL,Aer Lingus,A21N,EI-LRD,C,,
01-Apr-26,14:15,EI143,Cancun (CUN),CUN,Aer Lingus,A333,EI-GAJ,E,,
01-Apr-26,14:15,FR337,London (LTN),LTN,Ryanair,B38M,EI-IFS,C,,
01-Apr-26,14:15,FR5151,Glasgow (GLA),GLA,Ryanair,B738,9H-QCT,C,,
01-Apr-26,14:15,LG4884,Luxembourg (LUX),LUX,Luxair,DH8D,LX-LQB,B,,
01-Apr-26,14:20,EI748,Bilbao (BIO),BIO,Aer Lingus,A320,EI-EDS,C,,
01-Apr-26,14:20,EK162,Dubai (DXB),DXB,Emirates,B77W,A6-EQA,C,,
01-Apr-26,14:20,FR4784,Newquay (NQY),NQY,Ryanair,B738,SP-RNS,C,,
01-Apr-26,14:25,EI89,Minneapolis (MSP),MSP,Aer Lingus,A21N,EI-XLV,C,,
01-Apr-26,14:30,EI168,London (LHR),LHR,Aer Lingus,A20N,EI-NSH,C,,
01-Apr-26,14:30,FR812,Edinburgh (EDI),EDI,Ryanair,B38M,EI-HMZ,C,,
01-Apr-26,14:40,EA3286,Bristol (BRS),BRS,Aer Lingus Regional,AT76,EI-GZV,B,,
01-Apr-26,14:40,FR1452,Brussels (BRU),BRU,Ryanair,B738,SP-RKM,C,,
01-Apr-26,14:45,EI3272,Birmingham (BHX),BHX,Aer Lingus,AT7,,B,,
01-Apr-26,14:45,N/A,Birmingham (BHX),BHX,Aer Lingus Regional,AT76,EI-HPJ,B,,
01-Apr-26,14:50,EI83,Indianapolis (IND),IND,Aer Lingus,A21N,EI-XLU,C,,
01-Apr-26,15:00,DL155,Boston (BOS),BOS,Delta Air Lines,B763,N177DZ,D,,
01-Apr-26,15:00,EI764,Tenerife (TFS),TFS,Aer Lingus,A320,EI-GAL,C,,
01-Apr-26,15:00,EI778,Lanzarote (ACE),ACE,Aer Lingus,A320,EI-EDP,C,,
01-Apr-26,15:00,FR5242,Bodrum (BJV),BJV,Ryanair,B738,EI-EVJ,C,,
01-Apr-26,15:05,N/A,Exeter (EXT),EXT,Aer Lingus Regional,AT76,EI-HPK,B,,
01-Apr-26,15:10,EA3242,Aberdeen (ABZ),ABZ,Aer Lingus Regional,AT76,EI-GPN,B,,
01-Apr-26,15:15,FR9611,Rome (FCO),FCO,Ryanair,B738,EI-DPN,C,,
01-Apr-26,15:20,FR495,Madrid (MAD),MAD,Ryanair,B38M,EI-HGY,C,,
01-Apr-26,15:25,BA831,London (LHR),LHR,British Airways,A21N,G-NEOV,C,,
01-Apr-26,15:25,EI53,Seattle (SEA),SEA,Aer Lingus,A332,EI-DUO,E,,
01-Apr-26,15:25,EI69,Los Angeles (LAX),LAX,Aer Lingus,A333,EI-EIM,E,,
01-Apr-26,15:25,EI756,Seville (SVQ),SVQ,Aer Lingus,A320,EI-DVH,C,,
01-Apr-26,15:25,FR3100,Amsterdam (AMS),AMS,Ryanair,B738,9H-QAL,C,,
01-Apr-26,15:30,FR506,Bristol (BRS),BRS,Ryanair,B38M,EI-IJA,C,,
01-Apr-26,15:40,EI87,Cleveland (CLE),CLE,Aer Lingus,A21N,EI-XLW,C,,
01-Apr-26,15:40,EA3930,Newquay (NQY),NQY,Aer Lingus Regional,AT76,EI-HDK,B,,
01-Apr-26,15:40,FR120,London (LGW),LGW,Ryanair,B738,9H-QCF,C,,
01-Apr-26,15:45,BA4467,London (LCY),LCY,British Airways,E190,G-LCYP,C,,
01-Apr-26,15:45,EI406,Rome (FCO),FCO,Aer Lingus,A320,EI-DVG,C,,
01-Apr-26,15:50,EI3216,Isle of Man (IOM),IOM,Aer Lingus,AT7,,B,,
01-Apr-26,15:50,H4244,Iasi (IAS),IAS,HiSky,A320,YR-SKY,C,,
01-Apr-26,15:50,N/A,Isle of Man (IOM),IOM,Aer Lingus Regional,AT76,EI-FAT,B,,
01-Apr-26,15:55,EI172,London (LHR),LHR,Aer Lingus,A20N,EI-NSE,C,,
01-Apr-26,15:55,FR884,Fuerteventura (FUE),FUE,Ryanair,B738,9H-QAD,C,,
01-Apr-26,16:00,FR7121,Tenerife (TFS),TFS,Ryanair,B38M,9H-VVJ,C,,
01-Apr-26,16:00,N/A,Cork (ORK),ORK,Aer Lingus,A320,EI-DVL,C,,
01-Apr-26,16:00,N/A,Birmingham (BHX),BHX,Aer Lingus Regional,AT76,EI-FAT,B,,
01-Apr-26,16:05,FR7124,Lanzarote (ACE),ACE,Ryanair,B38M,EI-HEN,C,,
01-Apr-26,16:10,EI586,Malaga (AGP),AGP,Aer Lingus,A320,EI-DVK,C,,
01-Apr-26,16:10,FR666,Birmingham (BHX),BHX,Ryanair,B38M,EI-ILJ,C,,
01-Apr-26,16:10,FR8130,Malaga (AGP),AGP,Ryanair,B38M,EI-ILC,C,,
01-Apr-26,16:10,OU3501,Mostar (OMO),OMO,Croatia Airlines,BCS3,9A-CAM,C,,
01-Apr-26,16:15,FR204,London (STN),STN,Ryanair,B738,EI-EBY,C,,
01-Apr-26,16:20,AF1817,Paris (CDG),CDG,Air France,BCS3,F-HZUJ,C,,
01-Apr-26,16:20,EI496,Faro (FAO),FAO,Aer Lingus,A320,EI-DVN,C,,
01-Apr-26,16:25,EI119,Washington (IAD),IAD,Aer Lingus,A21N,EI-LRE,C,,
01-Apr-26,16:25,EI356,Munich (MUC),MUC,Aer Lingus,A20N,EI-NSB,C,,
01-Apr-26,16:25,FR1556,Manchester (MAN),MAN,Ryanair,B738,9H-QBZ,C,,
01-Apr-26,16:25,FR5306,Kerry (KIR),KIR,Ryanair,B738,SP-RNP,C,,
01-Apr-26,16:35,FR1390,Thessaloniki (SKG),SKG,Ryanair,B38M,EI-HMW,C,,
01-Apr-26,16:45,BA4469,London (LCY),LCY,British Airways,E190,G-LCYN,C,,
01-Apr-26,16:45,EI107,New York (JFK),JFK,Aer Lingus,A21N,EI-LRA,C,,
01-Apr-26,16:45,EI125,Chicago (ORD),ORD,Aer Lingus,A333,EI-GCF,E,,
01-Apr-26,16:45,EI137,Boston (BOS),BOS,Aer Lingus,A333,EI-FNG,E,,
01-Apr-26,16:50,EI656,Frankfurt (FRA),FRA,Aer Lingus,A320,EI-DEK,C,,
01-Apr-26,16:55,FR6130,Naples (NAP),NAP,Ryanair,B38M,9H-VUQ,C,,
01-Apr-26,16:55,FR6899,Palermo (PMO),PMO,Ryanair,B38M,EI-HET,C,,
01-Apr-26,17:00,EI348,Zurich (ZRH),ZRH,Aer Lingus,A320,EI-DVE,C,,
01-Apr-26,17:00,FR3669,Berlin (BER),BER,Ryanair,B38M,9H-VUZ,C,,
01-Apr-26,17:05,FR2023,Krakow (KRK),KRK,Ryanair,B38M,EI-IHC,C,,
01-Apr-26,17:05,TK1978,Istanbul (IST),IST,Turkish Airlines,B39M,TC-LYA,C,,
01-Apr-26,17:15,EA3342,Jersey (JER),JER,Aer Lingus Regional,AT76,EI-GPO,B,,
01-Apr-26,17:20,KL1142,Amsterdam (AMS),AMS,KLM,E190,PH-EZN,C,,
01-Apr-26,17:25,N/A,Isle of Man (IOM),IOM,Aer Lingus Regional,AT76,EI-HPJ,B,,
01-Apr-26,17:30,EI176,London (LHR),LHR,Aer Lingus,A20N,EI-NSA,C,,
01-Apr-26,17:30,FR3381,Manchester (MAN),MAN,Ryanair,B738,SP-RND,C,,
01-Apr-26,17:30,FR5070,Copenhagen (CPH),CPH,Ryanair,B38M,EI-IJN,C,,
01-Apr-26,17:30,UNI135,Kassel (KSF),KSF,Unicair,LJ45,D-CHLP,C,,
01-Apr-26,17:35,EI698,Dusseldorf (DUS),DUS,Aer Lingus,A320,EI-DEJ,C,,
01-Apr-26,17:35,FR1025,Budapest (BUD),BUD,Ryanair,B38M,EI-HMZ,C,,
01-Apr-26,17:35,LH981,Frankfurt (FRA),FRA,Lufthansa,A321,D-AIRX,C,,
01-Apr-26,17:35,T2345,Vagar (FAE),FAE,West Air Sweden,75C,,C,,
01-Apr-26,17:45,FR261,Alicante (ALC),ALC,Ryanair,B38M,9H-VUL,C,,
01-Apr-26,17:45,FR831,Venice (VCE),VCE,Ryanair,B38M,EI-IFS,C,,
01-Apr-26,17:45,VL2519,Munich (MUC),MUC,Lufthansa City,A20N,D-AIJH,C,,
01-Apr-26,17:50,BA833,London (LHR),LHR,British Airways,A21N,G-TNEJ,C,,
01-Apr-26,17:50,EI336,Berlin (BER),BER,Aer Lingus,A320,EI-DER,C,,
01-Apr-26,17:50,EI3228,Glasgow (GLA),GLA,Aer Lingus,AT7,,B,,
01-Apr-26,17:50,EA3308,Southampton (SOU),SOU,Aer Lingus Regional,AT76,EI-HNA,B,,
01-Apr-26,17:50,N/A,Glasgow (GLA),GLA,Aer Lingus Regional,AT76,EI-HPK,B,,
01-Apr-26,17:55,FR1442,Liverpool (LPL),LPL,Ryanair,B738,9H-QCT,C,,
01-Apr-26,17:55,FR7138,Lisbon (LIS),LIS,Ryanair,B738,SP-RNS,C,,
01-Apr-26,17:55,FR8107,Reus (REU),REU,Ryanair,B738,9H-QCO,C,,
01-Apr-26,18:00,AY1386,Helsinki (HEL),HEL,Jettime,B738,OY-JZT,C,,
01-Apr-26,18:00,EI436,Milan (MXP),MXP,Aer Lingus,A320,EI-DES,C,,
01-Apr-26,18:00,EI638,Brussels (BRU),BRU,Aer Lingus,A320,EI-FNJ,C,,
01-Apr-26,18:00,FR7044,Malaga (AGP),AGP,Ryanair,B738,EI-GXG,C,,
01-Apr-26,18:05,FR1380,Split (SPU),SPU,Ryanair,B38M,EI-IFW,C,,
01-Apr-26,18:10,FR6907,Bydgoszcz (BZG),BZG,Ryanair,B38M,EI-IHY,C,,
01-Apr-26,18:15,FR290,London (STN),STN,Ryanair,B738,EI-EVT,C,,
01-Apr-26,18:15,FR3102,Amsterdam (AMS),AMS,Ryanair,B738,SP-RKH,C,,
01-Apr-26,18:15,FR4038,Milan (BGY),BGY,Ryanair,B38M,EI-ILO,C,,
01-Apr-26,18:20,EI610,Amsterdam (AMS),AMS,Aer Lingus,A20N,EI-NSD,C,,
01-Apr-26,18:20,FR313,Stockholm (ARN),ARN,Ryanair,B38M,EI-IKC,C,,
01-Apr-26,18:20,FR2192,Zagreb (ZAG),ZAG,Lauda Europe,A320,9H-LOI,C,,
01-Apr-26,18:25,FR3780,Mahon (MAH),MAH,Ryanair,B738,9H-QBD,C,,
01-Apr-26,18:30,EI528,Paris (CDG),CDG,Aer Lingus,A320,EI-DEP,C,,
01-Apr-26,18:30,EI3258,Edinburgh (EDI),EDI,Aer Lingus,AT7,,B,,
01-Apr-26,18:30,FR814,Edinburgh (EDI),EDI,Ryanair,B738,SP-RKV,C,,
01-Apr-26,18:30,N/A,Edinburgh (EDI),EDI,Aer Lingus Regional,AT76,EI-FAT,B,,
01-Apr-26,18:35,LX405,Zurich (ZRH),ZRH,Swiss,BCS1,HB-JBI,C,,
01-Apr-26,18:35,FX5201,London (STN),STN,FedEx,B763,N107FE,D,,
01-Apr-26,18:40,EI486,Lisbon (LIS),LIS,Aer Lingus,A320,EI-DVI,C,,
01-Apr-26,18:45,FR122,London (LGW),LGW,Ryanair,B738,SP-RKD,C,,
01-Apr-26,18:50,EI276,Birmingham (BHX),BHX,Aer Lingus,A320,EI-DEL,C,,
01-Apr-26,18:50,EI3408,Donegal (CFN),CFN,Aer Lingus,AT7,,B,,
01-Apr-26,18:50,N/A,Donegal (CFN),CFN,Aer Lingus Regional,AT76,EI-HPJ,B,,
01-Apr-26,18:55,EI564,Barcelona (BCN),BCN,Aer Lingus,A320,EI-DEH,C,,
01-Apr-26,18:55,EY48,Abu Dhabi (AUH),AUH,Etihad Airways,B789,A6-BLZ,E,,
01-Apr-26,18:55,FR4224,Bratislava (BTS),BTS,Ryanair,B38M,EI-IJD,C,,
01-Apr-26,19:00,EI182,London (LHR),LHR,Aer Lingus,A20N,EI-NSH,C,,
01-Apr-26,19:05,FR558,Manchester (MAN),MAN,Ryanair,B738,EI-GXK,C,,
01-Apr-26,19:05,FR6921,Barcelona (BCN),BCN,Ryanair,B738,SP-RNP,C,,
01-Apr-26,19:05,SK2538,Copenhagen (CPH),CPH,SAS,A20N,EI-SIB,C,,
01-Apr-26,19:10,EA3328,Manchester (MAN),MAN,Aer Lingus Regional,AT76,EI-HDK,B,,
01-Apr-26,19:10,FR16,Newcastle (NCL),NCL,Ryanair,B738,SP-RKM,C,,
01-Apr-26,19:15,AF1117,Paris (CDG),CDG,Air France,BCS3,F-HZUU,C,,
01-Apr-26,19:20,BA4473,London (LCY),LCY,British Airways,E190,G-LCYS,C,,
01-Apr-26,19:20,EI3274,Birmingham (BHX),BHX,Aer Lingus,AT7,,B,,
01-Apr-26,19:20,N/A,Birmingham (BHX),BHX,Aer Lingus Regional,AT76,EI-GPN,B,,
01-Apr-26,19:25,FR9428,Milan (BGY),BGY,Ryanair,B738,9H-QCF,C,,
01-Apr-26,19:30,FR7002,Girona (GRO),GRO,Ryanair,B38M,EI-ILJ,C,,
01-Apr-26,19:30,FR7408,Palma de Mallorca (PMI),PMI,Lauda Europe,A320,9H-LMB,C,,
01-Apr-26,19:35,FR3095,Szczecin (SZZ),SZZ,Ryanair,B738,9H-QAL,C,,
01-Apr-26,19:40,FR668,Birmingham (BHX),BHX,Ryanair,B738,EI-DPP,C,,
01-Apr-26,19:45,BA811,London (LHR),LHR,British Airways,A320,G-EUUJ,C,,
01-Apr-26,19:45,EI109,New York (JFK),JFK,Aer Lingus,A21N,EI-LRG,C,,
01-Apr-26,19:45,FR126,London (LGW),LGW,Ryanair,B738,SP-RSQ,C,,
01-Apr-26,19:45,FR1925,Warsaw (WMI),WMI,Ryanair,B738,SP-RSG,C,,
01-Apr-26,19:50,SK2566,Stockholm (ARN),ARN,SAS,A20N,EI-SIU,C,,
01-Apr-26,19:55,5X207,London (STN),STN,UPS,B763,N346UP,D,,
01-Apr-26,20:00,FR211,London (STN),STN,Ryanair,B738,EI-DLV,C,,
01-Apr-26,20:00,FR1860,Paris (BVA),BVA,Ryanair,B38M,EI-IJZ,C,,
01-Apr-26,20:00,FR4285,Marseille (MRS),MRS,Ryanair,B738,EI-DCJ,C,,
01-Apr-26,20:10,BA4471,London (LCY),LCY,British Airways,E190,G-LCYP,C,,
01-Apr-26,20:30,BA835,London (LHR),LHR,British Airways,A20N,G-TTSA,C,,
01-Apr-26,20:35,FR8111,Faro (FAO),FAO,Ryanair,B738,9H-QBP,C,,
01-Apr-26,20:45,FR5346,Katowice (KTW),KTW,Ryanair,B738,SP-RNG,C,,
01-Apr-26,20:45,FR7078,Porto (OPO),OPO,Ryanair,B38M,EI-IFZ,C,,
01-Apr-26,20:50,N/A,Leipzig (LEJ),LEJ,Titan Airways,A321,9H-ZTB,C,,
01-Apr-26,20:55,FR342,London (LTN),LTN,Ryanair,B738,9H-QFE,C,,
01-Apr-26,20:55,FR7062,Alicante (ALC),ALC,Ryanair,B38M,EI-IHA,C,,
01-Apr-26,21:00,FR255,London (STN),STN,Ryanair,B38M,EI-IHM,C,,
01-Apr-26,21:00,FR457,Leeds (LBA),LBA,Ryanair,B38M,9H-VVL,C,,
01-Apr-26,21:00,FR562,Manchester (MAN),MAN,Ryanair,B38M,EI-HGP,C,,
01-Apr-26,21:05,DN408,Bacau (BCM),BCM,Dan Air,A320,YR-JUL,C,,
01-Apr-26,21:05,FR1974,Poznan (POZ),POZ,Ryanair,B738,SP-RSU,C,,
01-Apr-26,21:05,N/A,Nottingham (EMA),EMA,DHL,B738,EC-HLN,C,,
01-Apr-26,21:10,FR5563,Glasgow (GLA),GLA,Ryanair,B738,SP-RND,C,,
01-Apr-26,21:19,5X249,Cologne (CGN),CGN,UPS,B763,N391UP,D,,
01-Apr-26,21:35,VY8723,Barcelona (BCN),BCN,Vueling,A20N,EC-NIY,C,,
01-Apr-26,21:50,FR448,Liverpool (LPL),LPL,Ryanair,B38M,EI-IFT,C,,
01-Apr-26,21:50,FR508,Bristol (BRS),BRS,Ryanair,B38M,EI-IKR,C,,
01-Apr-26,22:00,FR292,London (STN),STN,Ryanair,B738,EI-EVT,C,,
01-Apr-26,22:00,5O4394,Paris (CDG),CDG,ASL Airlines,B738,F-HIQB,C,,
01-Apr-26,22:05,FR634,Cardiff (CWL),CWL,Ryanair,B38M,EI-HGY,C,,
01-Apr-26,23:50,FR8115,Nottingham (EMA),EMA,Ryanair,B738,EI-DPN,C,,
01-Apr-26,23:55,H4474,Chisinau (RMO),RMO,HiSky,A320,YR-SKY,C,,
02-Apr-26,00:00,N/A,Nottingham (EMA),EMA,RVL Aviation,BE20,G-REXA,C,,
02-Apr-26,02:20,LH8321,Frankfurt (FRA),FRA,Lufthansa Cargo,A321,D-AEUA,C,,
02-Apr-26,02:30,OJ301,Karlsruhe / Baden-Baden (FKB),FKB,NyxAir,AT75,ES-NTC,B,,
02-Apr-26,03:50,XM359,Maastricht (MST),MST,Zimex Aviation,AT72,HB-AFJ,B,,
02-Apr-26,05:28,5X248,Shannon (SNN),SNN,UPS,B763,N364UP,D,,
02-Apr-26,05:30,TP1327,Lisbon (LIS),LIS,TAP Express,E195,CS-TAX,C,,
02-Apr-26,05:35,N/A,Copenhagen (CPH),CPH,DHL,A306,D-AEAL,C,,
02-Apr-26,05:35,5O4294,Shannon (SNN),SNN,ASL Airlines,B738,F-HIQB,C,,
02-Apr-26,05:45,FR1982,Biarritz (BIQ),BIQ,Ryanair,B38M,EI-IHY,C,,
02-Apr-26,05:45,FR1984,Carcassonne (CCF),CCF,Ryanair,B38M,EI-HGP,C,,
02-Apr-26,05:45,FR4518,Athens (ATH),ATH,Ryanair,B738,9H-QAD,C,,
02-Apr-26,05:45,FR7128,Fuerteventura (FUE),FUE,Ryanair,B38M,EI-ILJ,C,,
02-Apr-26,05:45,FR9456,Bologna (BLQ),BLQ,Ryanair,B38M,EI-HMW,C,,
02-Apr-26,05:45,TK1174,Istanbul (IST),IST,Turkish Airlines,B39M,TC-LYC,C,,
02-Apr-26,05:50,FR7762,Alicante (ALC),ALC,Ryanair,B38M,EI-HMZ,C,,
02-Apr-26,05:55,AF1017,Paris (CDG),CDG,Air France,BCS3,F-HZUK,C,,
02-Apr-26,05:55,EI440,Athens (ATH),ATH,Aer Lingus,A320,EI-DVN,C,,
02-Apr-26,05:55,FR436,Liverpool (LPL),LPL,Ryanair,B738,EI-EVJ,C,,
02-Apr-26,05:55,FR943,Palma de Mallorca (PMI),PMI,Ryanair,B38M,EI-HET,C,,
02-Apr-26,05:55,KL1134,Amsterdam (AMS),AMS,KLM,B738,PH-BXA,C,,
02-Apr-26,06:00,LH983,Frankfurt (FRA),FRA,Lufthansa,A321,D-AIRL,C,,
02-Apr-26,06:10,FR652,Lisbon (LIS),LIS,Ryanair,B738,EI-EBK,C,,
02-Apr-26,06:10,FR808,Edinburgh (EDI),EDI,Ryanair,B738,SP-RKV,C,,
02-Apr-26,06:15,EI450,Naples (NAP),NAP,Aer Lingus,A320,EI-GAM,C,,
02-Apr-26,06:15,EI602,Amsterdam (AMS),AMS,Aer Lingus,A320,EI-EDS,C,,
02-Apr-26,06:15,EI680,Geneva (GVA),GVA,Aer Lingus,A20N,EI-NSA,C,,
02-Apr-26,06:15,EA3400,Donegal (CFN),CFN,Aer Lingus Regional,AT76,EI-GPO,B,,
02-Apr-26,06:15,FR5125,Hamburg (HAM),HAM,Ryanair,B738,9H-QDR,C,,
02-Apr-26,06:20,EI402,Rome (FCO),FCO,Aer Lingus,A320,EI-DEH,C,,
02-Apr-26,06:20,EI592,Madrid (MAD),MAD,Aer Lingus (Retro livery),A320,EI-DVM,C,,
02-Apr-26,06:20,FR6875,Barcelona (BCN),BCN,Ryanair,B738,9H-QAR,C,,
02-Apr-26,06:25,FR94,Gran Canaria (LPA),LPA,Ryanair,B38M,EI-ILC,C,,
02-Apr-26,06:25,FR112,London (LGW),LGW,Ryanair,B738,SP-RKH,C,,
02-Apr-26,06:25,FR3995,Agadir (AGA),AGA,Ryanair,B738,SP-RNS,C,,
02-Apr-26,06:25,FR7030,Faro (FAO),FAO,Ryanair,B38M,EI-HEN,C,,
02-Apr-26,06:30,EI152,London (LHR),LHR,Aer Lingus,A20N,EI-NSB,C,,
02-Apr-26,06:30,EI202,Manchester (MAN),MAN,Aer Lingus,A320,EI-DEP,C,,
02-Apr-26,06:30,EI262,Birmingham (BHX),BHX,Aer Lingus,A320,EI-DEL,C,,
02-Apr-26,06:30,FR30,London (STN),STN,Ryanair,B38M,EI-IFW,C,,
02-Apr-26,06:30,FR1986,Nantes (NTE),NTE,Ryanair,B738,9H-QCF,C,,
02-Apr-26,06:30,FR5568,Rome (FCO),FCO,Ryanair,B738,9H-QAL,C,,
02-Apr-26,06:40,EI332,Berlin (BER),BER,Aer Lingus,A320,EI-DEJ,C,,
02-Apr-26,06:40,EI562,Barcelona (BCN),BCN,Aer Lingus,A20N,EI-NSH,C,,
02-Apr-26,06:40,EA3250,Edinburgh (EDI),EDI,Aer Lingus Regional,AT76,EI-HPK,B,,
02-Apr-26,06:40,FR5217,Lublin (LUZ),LUZ,Ryanair,B38M,9H-VUQ,C,,
02-Apr-26,06:40,FR7046,Malaga (AGP),AGP,Ryanair,B738,SP-RND,C,,
02-Apr-26,06:45,EI520,Paris (CDG),CDG,Aer Lingus,A21N,EI-XLR,C,,
02-Apr-26,06:50,EI630,Brussels (BRU),BRU,Aer Lingus,A320,EI-FNJ,C,,
02-Apr-26,06:50,EI692,Dusseldorf (DUS),DUS,Aer Lingus,A320,EI-DES,C,,
02-Apr-26,06:50,EA3220,Glasgow (GLA),GLA,Aer Lingus Regional,AT76,EI-GZV,B,,
02-Apr-26,06:50,FR657,Brussels (BRU),BRU,Ryanair,B738,SP-RSQ,C,,
02-Apr-26,06:50,FR660,Birmingham (BHX),BHX,Ryanair,B38M,EI-IHM,C,,
02-Apr-26,06:50,FR1925,Warsaw (WMI),WMI,Ryanair,B738,SP-RNP,C,,
02-Apr-26,06:55,FR5060,Cagliari (CAG),CAG,Ryanair,B38M,9H-VVJ,C,,
02-Apr-26,07:00,BA4461,London (LCY),LCY,British Airways,E190,G-LCAH,C,,
02-Apr-26,07:00,EI432,Milan (LIN),LIN,Aer Lingus,A320,EI-DEK,C,,
02-Apr-26,07:00,EI650,Frankfurt (FRA),FRA,Aer Lingus,A320,EI-DEI,C,,
02-Apr-26,07:00,EI3300,Southampton (SOU),SOU,Aer Lingus,AT7,,B,,
02-Apr-26,07:00,EI3350,Newcastle (NCL),NCL,Aer Lingus Regional,AT76,EI-HPJ,B,,
02-Apr-26,07:05,FR420,Amsterdam (AMS),AMS,Ryanair,B738,EI-DPP,C,,
02-Apr-26,07:10,EI342,Zurich (ZRH),ZRH,Aer Lingus,A320,EI-DVE,C,,
02-Apr-26,07:10,EA3390,Leeds (LBA),LBA,Aer Lingus Regional,AT76,EI-FAT,B,,
02-Apr-26,07:15,EI352,Munich (MUC),MUC,Aer Lingus,A21N,EI-LRF,C,,
02-Apr-26,07:20,EI580,Malaga (AGP),AGP,Aer Lingus,A21N,EI-LRD,C,,
02-Apr-26,07:20,EA3242,Aberdeen (ABZ),ABZ,Aer Lingus Regional,AT76,EI-GPN,B,,
02-Apr-26,07:20,FR5555,Tenerife (TFS),TFS,Ryanair,B38M,EI-IJD,C,,
02-Apr-26,07:25,EI642,Prague (PRG),PRG,Aer Lingus,A320,EI-DVH,C,,
02-Apr-26,07:25,FR504,Bristol (BRS),BRS,Ryanair,B738,9H-QBD,C,,
02-Apr-26,07:30,EI154,London (LHR),LHR,Aer Lingus,A20N,EI-NSE,C,,
02-Apr-26,07:30,EI492,Faro (FAO),FAO,Aer Lingus,A320,EI-DVI,C,,
02-Apr-26,07:30,EI776,Lanzarote (ACE),ACE,Aer Lingus,A320,EI-GAL,C,,
02-Apr-26,07:30,EI3320,Manchester (MAN),MAN,Aer Lingus,AT7,,B,,
02-Apr-26,07:30,FR152,Leeds (LBA),LBA,Ryanair,B738,9H-QAT,C,,
02-Apr-26,07:30,FR558,Manchester (MAN),MAN,Ryanair,B738,EI-DLX,C,,
02-Apr-26,07:30,N/A,Manchester (MAN),MAN,Aer Lingus Regional,AT76,EI-HDK,B,,
02-Apr-26,07:35,EI476,Dubrovnik (DBV),DBV,Aer Lingus,A320,EI-EDP,C,,
02-Apr-26,07:40,EI422,Venice (VCE),VCE,Aer Lingus,A320,EI-DVK,C,,
02-Apr-26,07:40,EI482,Lisbon (LIS),LIS,Aer Lingus,A320,EI-DEM,C,,
02-Apr-26,07:40,FR276,Glasgow (GLA),GLA,Ryanair,B738,SP-RKD,C,,
02-Apr-26,07:45,FR332,London (LTN),LTN,Ryanair,B38M,9H-VUZ,C,,
02-Apr-26,07:45,FR3669,Berlin (BER),BER,Ryanair,B738,9H-QBF,C,,
02-Apr-26,07:50,EI3550,Edinburgh (EDI),EDI,Aer Lingus Regional,AT76,EI-HNA,B,,
02-Apr-26,07:50,FR114,London (LGW),LGW,Ryanair,B738,SP-RKM,C,,
02-Apr-26,07:50,N/A,Edinburgh (EDI),EDI,Aer Lingus Regional,AT76,EI-HNA,B,,
02-Apr-26,07:55,FR22,Paris (BVA),BVA,Ryanair,B38M,EI-IGO,C,,
02-Apr-26,07:55,FR5910,Lanzarote (ACE),ACE,Ryanair,B38M,EI-IHC,C,,
02-Apr-26,08:00,FR10,Madrid (MAD),MAD,Ryanair,B738,9H-QBB,C,,
02-Apr-26,08:05,FR7663,Poznan (POZ),POZ,Ryanair,B738,SP-RSB,C,,
02-Apr-26,08:10,BY1486,Lanzarote (ACE),ACE,TUI,B738,G-FDZZ,C,,
02-Apr-26,08:15,FR5021,Pisa (PSA),PSA,Ryanair,B38M,EI-ILN,C,,
02-Apr-26,08:25,FR1023,Budapest (BUD),BUD,Ryanair,B738,SP-RSC,C,,
02-Apr-26,08:25,FR7008,Vienna (VIE),VIE,Lauda Europe,A320,9H-LOU,C,,
02-Apr-26,08:30,FR272,London (STN),STN,Ryanair,B38M,EI-IHP,C,,
02-Apr-26,08:34,FX5050,Indianapolis (IND),IND,FedEx,B763,N125FE,D,,
02-Apr-26,08:35,BA825,London (LHR),LHR,British Airways,A20N,G-TTSD,C,,
02-Apr-26,08:40,EI156,London (LHR),LHR,Aer Lingus,A20N,EI-NSD,C,,
02-Apr-26,08:40,FR437,Reus (REU),REU,Ryanair,B738,EI-EVJ,C,,
02-Apr-26,08:40,LX403,Zurich (ZRH),ZRH,airBaltic,BCS3,YL-BTB,C,,
02-Apr-26,08:45,BA4463,London (LCY),LCY,British Airways,E190,G-LCYL,C,,
02-Apr-26,08:45,FR261,Alicante (ALC),ALC,Ryanair,B738,9H-QAY,C,,
02-Apr-26,08:50,LH977,Frankfurt (FRA),FRA,Lufthansa,A319,D-AIBC,C,,
02-Apr-26,08:50,UA311,Washington (IAD),IAD,United Airlines,B752,N14106,D,,
02-Apr-26,08:55,FR3880,Dubrovnik (DBV),DBV,Ryanair,B738,SP-RKN,C,,
02-Apr-26,08:55,KL1136,Amsterdam (AMS),AMS,KLM,E295,PH-NXU,C,,
02-Apr-26,09:10,FR116,London (LGW),LGW,Ryanair,B738,EI-EBF,C,,
02-Apr-26,09:10,FR812,Edinburgh (EDI),EDI,Ryanair,B38M,EI-IFW,C,,
02-Apr-26,09:15,AF1617,Paris (CDG),CDG,Air France,BCS3,F-HZUV,C,,
02-Apr-26,09:15,QR20,Doha (DOH),DOH,Qatar Airways,B789,A7-BHO,E,,
02-Apr-26,09:20,FR611,Kerry (KIR),KIR,Ryanair,B38M,EI-HGY,C,,
02-Apr-26,09:25,EA3554,Edinburgh (EDI),EDI,Aer Lingus Regional,AT76,EI-GPO,B,,
02-Apr-26,09:25,FR6126,Milan (BGY),BGY,Ryanair,B738,SP-RKV,C,,
02-Apr-26,09:30,AA133,Dallas (DFW),DFW,American Airlines,B788,N882BL,E,,
02-Apr-26,09:30,UA22,New York (EWR),EWR,United Airlines,B772,N78003,E,,
02-Apr-26,09:35,FR7044,Malaga (AGP),AGP,Ryanair,B738,EI-DWP,C,,
02-Apr-26,09:40,AY1382,Helsinki (HEL),HEL,Jettime,B738,OY-JYC,C,,
02-Apr-26,09:40,EI158,London (LHR),LHR,Aer Lingus,A20N,EI-NSG,C,,
02-Apr-26,09:45,EI204,Manchester (MAN),MAN,Aer Lingus,A21N,EI-XLW,C,,
02-Apr-26,09:45,EI524,Paris (CDG),CDG,Aer Lingus,A21N,EI-XLV,C,,
02-Apr-26,09:50,AC801,Toronto (YYZ),YYZ,Air Canada,B789,C-FNOE,E,,
02-Apr-26,09:50,IB1882,Madrid (MAD),MAD,Iberia Express,A320,EC-KOH,C,,
02-Apr-26,09:50,VY8721,Barcelona (BCN),BCN,Vueling,A320,EC-MER,C,,
02-Apr-26,09:55,EI504,Bordeaux (BOD),BOD,Aer Lingus,A320,EI-DEP,C,,
02-Apr-26,09:55,EI604,Amsterdam (AMS),AMS,Aer Lingus,A21N,EI-XLU,C,,
02-Apr-26,10:00,DL259,Minneapolis (MSP),MSP,Delta Air Lines,A333,N810NW,E,,
02-Apr-26,10:00,EI392,Hamburg (HAM),HAM,Aer Lingus,A320,EI-DEL,C,,
02-Apr-26,10:05,FR364,Funchal (FNC),FNC,Ryanair,B38M,EI-IKN,C,,
02-Apr-26,10:15,FR288,London (STN),STN,Ryanair,B38M,EI-HGP,C,,
02-Apr-26,10:20,EA3222,Glasgow (GLA),GLA,Aer Lingus Regional,AT76,EI-GZV,B,,
02-Apr-26,10:20,EA3252,Edinburgh (EDI),EDI,Aer Lingus Regional,AT76,EI-FAT,B,,
02-Apr-26,10:20,EI3322,Manchester (MAN),MAN,Aer Lingus,AT7,,B,,
02-Apr-26,10:20,FR562,Manchester (MAN),MAN,Ryanair,B738,EI-DLX,C,,
02-Apr-26,10:20,FR7032,Faro (FAO),FAO,Ryanair,B38M,EI-IHM,C,,
02-Apr-26,10:20,N/A,Manchester (MAN),MAN,Aer Lingus Regional,AT76,EI-HPK,B,,
02-Apr-26,10:30,BA827,London (LHR),LHR,British Airways,A320,G-EUUC,C,,
02-Apr-26,10:30,EI404,Rome (FCO),FCO,Aer Lingus,A320,EI-DVG,C,,
02-Apr-26,10:30,FR662,Birmingham (BHX),BHX,Ryanair,B738,9H-QCF,C,,
02-Apr-26,10:30,FR831,Venice (VCE),VCE,Ryanair,B738,SP-RKD,C,,
02-Apr-26,10:35,FR442,Liverpool (LPL),LPL,Ryanair,B738,EI-GSK,C,,
02-Apr-26,10:40,LH2517,Munich (MUC),MUC,Lufthansa,A321,D-AIRS,C,,
02-Apr-26,10:40,TK1976,Istanbul (IST),IST,Turkish Airlines,A21N,TC-LSM,C,,
02-Apr-26,10:45,FR5131,Basel (BSL),BSL,Ryanair,B738,SP-RKH,C,,
02-Apr-26,10:45,N/A,Southampton (SOU),SOU,Aer Lingus Regional,AT76,EI-HPJ,B,,
02-Apr-26,10:55,FR536,Nottingham (EMA),EMA,Ryanair,B38M,EI-ILA,C,,
02-Apr-26,10:55,FR3006,Amsterdam (AMS),AMS,Ryanair,B738,9H-QBD,C,,
02-Apr-26,11:00,DL177,Atlanta (ATL),ATL,Delta Air Lines,B764,N825MH,D,,
02-Apr-26,11:00,EI544,Nice (NCE),NCE,Aer Lingus,A320,EI-DER,C,,
02-Apr-26,11:00,FR1111,London (LGW),LGW,Ryanair,B38M,EI-IHY,C,,
02-Apr-26,11:05,EA3930,Newquay (NQY),NQY,Aer Lingus Regional,AT76,EI-HDK,B,,
02-Apr-26,11:10,EI105,New York (JFK),JFK,Aer Lingus,A333,EI-DUZ,E,,
02-Apr-26,11:10,EI162,London (LHR),LHR,Aer Lingus,A20N,EI-NSB,C,,
02-Apr-26,11:10,FR7054,Malaga (AGP),AGP,Ryanair,B38M,9H-VUZ,C,,
02-Apr-26,11:10,KL1138,Amsterdam (AMS),AMS,KLM,B738,PH-BXZ,C,,
02-Apr-26,11:10,SK4604,Oslo (OSL),OSL,SAS,32N,,C,,
02-Apr-26,11:15,BA4465,London (LCY),LCY,British Airways,E190,G-LCAH,C,,
02-Apr-26,11:20,EA3266,Birmingham (BHX),BHX,Aer Lingus Regional,AT76,EI-GPN,B,,
02-Apr-26,11:20,FR337,London (LTN),LTN,Ryanair,B738,9H-QDR,C,,
02-Apr-26,11:25,FR632,Copenhagen (CPH),CPH,Ryanair,B738,EI-DPP,C,,
02-Apr-26,11:30,EI3192,Liverpool (LPL),LPL,Aer Lingus Regional,AT76,EI-HNA,B,,
02-Apr-26,11:30,EA3226,Glasgow (GLA),GLA,Aer Lingus Regional,AT76,EI-GZV,B,,
02-Apr-26,11:30,FR202,London (STN),STN,Ryanair,B738,SP-RSQ,C,,
02-Apr-26,11:30,WS35,Toronto (YYZ),YYZ,WestJet,B38M,C-GRAG,C,,
02-Apr-26,11:35,EI123,Chicago (ORD),ORD,Aer Lingus,A333,EI-EIL,E,,
02-Apr-26,11:35,FR7034,Faro (FAO),FAO,Ryanair,B738,SP-RKM,C,,
02-Apr-26,11:35,UA981,Chicago (ORD),ORD,United Airlines,B788,N26906,E,,
02-Apr-26,11:40,EA3254,Edinburgh (EDI),EDI,Aer Lingus Regional,AT76,EI-GPP,B,,
02-Apr-26,11:40,SK536,Stockholm (ARN),ARN,SAS,A20N,EI-SCE,C,,
02-Apr-26,11:45,AA725,Charlotte (CLT),CLT,American Airlines,B772,N776AN,E,,
02-Apr-26,12:00,EI164,London (LHR),LHR,Aer Lingus,A20N,EI-NSE,C,,
02-Apr-26,12:00,GR687,Guernsey (GCI),GCI,Titan Airways,E190,G-POWX,C,,
02-Apr-26,12:00,HU752,Beijing (PEK),PEK,Hainan Airlines,A333,B-1021,E,,
02-Apr-26,12:05,LM52,Aberdeen (ABZ),ABZ,Loganair,AT76,G-LMTE,B,,
02-Apr-26,12:20,FR9319,Trieste (TRS),TRS,Ryanair,B38M,EI-HET,C,,
02-Apr-26,12:25,LH979,Frankfurt (FRA),FRA,Lufthansa,A321,D-AIRO,C,,
02-Apr-26,12:25,N/A,Fes (FEZ),FEZ,Ryanair,CL35,M-ABTE,C,,
02-Apr-26,12:30,EI160,London (LHR),LHR,Aer Lingus,A20N,EI-NSA,C,,
02-Apr-26,12:30,UA229,Washington (IAD),IAD,United Airlines,B752,N13113,D,,
02-Apr-26,12:30,XQ533,Antalya (AYT),AYT,SunExpress,B38M,TC-SMI,C,,
02-Apr-26,12:35,EI117,Washington (IAD),IAD,Aer Lingus,A21N,EI-LRE,C,,
02-Apr-26,12:35,FR9611,Rome (FCO),FCO,Ryanair,B38M,EI-HMW,C,,
02-Apr-26,12:40,AA723,Philadelphia (PHL),PHL,American Airlines,B788,N812AA,E,,
02-Apr-26,12:40,FR118,London (LGW),LGW,United Arab Emirates - Air Force,PC21,948,C,,
02-Apr-26,12:40,SK538,Copenhagen (CPH),CPH,SAS,A20N,EI-SCH,C,,
02-Apr-26,12:40,N/A,London (LGW),LGW,Ryanair,B738,9H-QCF,C,,
02-Apr-26,12:45,EI133,Boston (BOS),BOS,Aer Lingus,A21N,EI-LRA,C,,
02-Apr-26,12:45,EI208,Manchester (MAN),MAN,Aer Lingus,A320,EI-DEJ,C,,
02-Apr-26,12:50,EI61,San Francisco (SFO),SFO,Aer Lingus,A333,EI-GCF,E,,
02-Apr-26,12:50,EI552,Lyon (LYS),LYS,Aer Lingus,A320,EI-DES,C,,
02-Apr-26,12:50,WF373,Bergen (BGO),BGO,Wideroe,E290,LN-WEA,C,,
02-Apr-26,12:55,QR18,Doha (DOH),DOH,Qatar Airways,B789,A7-BHK,E,,
02-Apr-26,13:00,BA829,London (LHR),LHR,British Airways,A21N,G-NEOP,C,,
02-Apr-26,13:00,EI526,Paris (CDG),CDG,Aer Lingus,A320,EI-DEI,C,,
02-Apr-26,13:00,FR552,Manchester (MAN),MAN,Ryanair,B38M,EI-HMZ,C,,
02-Apr-26,13:00,FR1860,Paris (BVA),BVA,Ryanair,B738,9H-QAR,C,,
02-Apr-26,13:00,LX401,Zurich (ZRH),ZRH,Swiss,BCS3,HB-JCM,C,,
02-Apr-26,13:05,N/A,Amsterdam (AMS),AMS,NetJets,E55P,CS-PHV,C,,
02-Apr-26,13:10,EI584,Malaga (AGP),AGP,Aer Lingus,A320,EI-FNJ,C,,
02-Apr-26,13:10,FR664,Birmingham (BHX),BHX,Ryanair,B738,EI-EBF,C,,
02-Apr-26,13:15,DL45,New York (JFK),JFK,Delta Air Lines,B763,N177DZ,D,,
02-Apr-26,13:15,FR1116,Reus (REU),REU,Ryanair,B38M,EI-HEN,C,,
02-Apr-26,13:20,EI101,New York (EWR),EWR,Aer Lingus,A21N,EI-LRC,C,,
02-Apr-26,13:20,EI127,Toronto (YYZ),YYZ,Aer Lingus,A333,EI-EDY,E,,
02-Apr-26,13:20,FR7132,Faro (FAO),FAO,Ryanair,B738,EI-EBK,C,,
02-Apr-26,13:25,KL1140,Amsterdam (AMS),AMS,KLM (1700th E-Jet Sticker),E295,PH-NXM,C,,
02-Apr-26,13:30,EI166,London (LHR),LHR,Aer Lingus,A20N,EI-NSH,C,,
02-Apr-26,13:30,FR506,Bristol (BRS),BRS,Ryanair,B738,EI-EMB,C,,
02-Apr-26,13:35,EI608,Amsterdam (AMS),AMS,Aer Lingus,A320,EI-EDS,C,,
02-Apr-26,13:35,UA316,New York (EWR),EWR,United Airlines,B752,N17128,D,,
02-Apr-26,13:40,FR814,Edinburgh (EDI),EDI,Ryanair,B738,SP-RNP,C,,
02-Apr-26,13:45,BA811,London (LHR),LHR,British Airways,A20N,G-TTNW,C,,
02-Apr-26,13:45,EA3256,Edinburgh (EDI),EDI,Aer Lingus Regional,AT76,EI-GPO,B,,
02-Apr-26,13:55,FR5151,Glasgow (GLA),GLA,Ryanair,B738,9H-QAL,C,,
02-Apr-26,13:55,SK2468,Copenhagen (CPH),CPH,SAS,E195,SE-RSZ,C,,
02-Apr-26,14:00,EI448,Heraklion (HER),HER,Aer Lingus,A320,EI-DVE,C,,
02-Apr-26,14:00,FR1042,Toulouse (TLS),TLS,Ryanair,B738,SP-RND,C,,
02-Apr-26,14:05,EI77,Nashville (BNA),BNA,Aer Lingus,A21N,EI-XLR,C,,
02-Apr-26,14:05,EA3224,Glasgow (GLA),GLA,Aer Lingus Regional,AT76,EI-FAT,B,,
02-Apr-26,14:05,PC1158,Istanbul (SAW),SAW,Pegasus,A21N,TC-RDJ,C,,
02-Apr-26,14:10,EI131,Windsor Locks (BDL),BDL,Aer Lingus,A21N,EI-LRG,C,,
02-Apr-26,14:10,FR340,London (LTN),LTN,Ryanair,B38M,9H-VVJ,C,,
02-Apr-26,14:10,FR3332,Pafos (PFO),PFO,Ryanair,B38M,9H-VUQ,C,,
02-Apr-26,14:15,EI464,Malta (MLA),MLA,Aer Lingus,A320,EI-DVH,C,,
02-Apr-26,14:15,EI708,Marrakesh (RAK),RAK,Aer Lingus (Retro livery),A320,EI-DVM,C,,
02-Apr-26,14:15,FI419,Reykjavik (KEF),KEF,Icelandair,B39M,TF-ICB,C,,
02-Apr-26,14:20,EI748,Bilbao (BIO),BIO,Aer Lingus,A320,EI-DEK,C,,
02-Apr-26,14:20,EI3392,Leeds (LBA),LBA,Aer Lingus Regional,AT76,EI-HPK,B,,
02-Apr-26,14:20,EK162,Dubai (DXB),DXB,Emirates,B77W,A6-EPH,C,,
02-Apr-26,14:20,FR4409,Rhodes (RHO),RHO,Ryanair,B38M,EI-IFW,C,,
02-Apr-26,14:20,MS776,Cairo (CAI),CAI,Egyptair,A20N,SU-GFK,C,,
02-Apr-26,14:20,N/A,Leeds (LBA),LBA,Aer Lingus Regional,AT76,EI-HPK,B,,
02-Apr-26,14:25,EI89,Minneapolis (MSP),MSP,Aer Lingus,A21N,EI-XLW,C,,
02-Apr-26,14:25,FR7235,Malta (MLA),MLA,Ryanair,B38M,EI-HGY,C,,
02-Apr-26,14:30,EI168,London (LHR),LHR,Aer Lingus,A20N,EI-NSG,C,,
02-Apr-26,14:40,EA3286,Bristol (BRS),BRS,Aer Lingus Regional,AT76,EI-GPN,B,,
02-Apr-26,14:45,EI51,Las Vegas (LAS),LAS,Aer Lingus,A332,EI-DUO,E,,
02-Apr-26,14:45,EA3272,Birmingham (BHX),BHX,Aer Lingus Regional,AT76,EI-HDK,B,,
02-Apr-26,14:50,EI412,Verona (VRN),VRN,Aer Lingus,A320,EI-DEH,C,,
02-Apr-26,14:55,EI782,Gran Canaria (LPA),LPA,Aer Lingus,A320,EI-DVK,C,,
02-Apr-26,15:00,DL155,Boston (BOS),BOS,Delta Air Lines,B763,N1603,D,,
02-Apr-26,15:00,EI764,Tenerife (TFS),TFS,Aer Lingus,A320,EI-DVN,C,,
02-Apr-26,15:00,EI778,Lanzarote (ACE),ACE,Aer Lingus,A320,EI-DVI,C,,
02-Apr-26,15:00,EW9395,Dusseldorf (DUS),DUS,Eurowings,A20N,D-AENG,C,,
02-Apr-26,15:00,FR7138,Lisbon (LIS),LIS,Ryanair,B738,EI-EVJ,C,,
02-Apr-26,15:05,FR6244,Tirana (TIA),TIA,Ryanair,B738,EI-EBF,C,,
02-Apr-26,15:10,EA3304,Southampton (SOU),SOU,Aer Lingus Regional,AT76,EI-HPJ,B,,
02-Apr-26,15:10,FR1456,Brussels (BRU),BRU,Ryanair,B738,9H-QBD,C,,
02-Apr-26,15:20,FR3100,Amsterdam (AMS),AMS,Ryanair,B738,SP-RSQ,C,,
02-Apr-26,15:25,EI69,Los Angeles (LAX),LAX,Aer Lingus,A333,EI-GAJ,E,,
02-Apr-26,15:30,BA831,London (LHR),LHR,British Airways,A21N,G-NEOS,C,,
02-Apr-26,15:30,EA3228,Glasgow (GLA),GLA,Aer Lingus Regional,AT76,EI-HNA,B,,
02-Apr-26,15:30,FR7199,Lanzarote (ACE),ACE,Ryanair,B38M,EI-HGP,C,,
02-Apr-26,15:30,FR8130,Malaga (AGP),AGP,Ryanair,B738,9H-QAD,C,,
02-Apr-26,15:35,FR120,London (LGW),LGW,Ryanair,B38M,EI-ILJ,C,,
02-Apr-26,15:40,EI798,Izmir (ADB),ADB,Aer Lingus,A320,EI-DEP,C,,
02-Apr-26,15:45,BA4467,London (LCY),LCY,British Airways,E190,G-LCYM,C,,
02-Apr-26,15:45,EI406,Rome (FCO),FCO,Aer Lingus,A320,EI-DEL,C,,
02-Apr-26,15:45,FR554,Manchester (MAN),MAN,Ryanair,B38M,EI-IHY,C,,
02-Apr-26,15:50,EI3216,Isle of Man (IOM),IOM,Aer Lingus Regional,AT76,EI-GZV,B,,
02-Apr-26,15:50,EI3326,Manchester (MAN),MAN,Aer Lingus Regional,AT76,EI-GPP,B,,
02-Apr-26,15:50,FR96,Prague (PRG),PRG,Ryanair,B738,SP-RSF,C,,
02-Apr-26,15:50,FR6840,Naples (NAP),NAP,Ryanair,B38M,EI-HMZ,C,,
02-Apr-26,15:55,EI172,London (LHR),LHR,Aer Lingus,A20N,EI-NSB,C,,
02-Apr-26,16:00,VJT437,Faro (FAO),FAO,VistaJet,CL35,9H-VCN,C,,
02-Apr-26,16:05,N/A,Helsinki (HEL),HEL,NetJets,C68A,CS-LTQ,C,,
02-Apr-26,16:10,EI115,Philadelphia (PHL),PHL,Aer Lingus,A21N,EI-XLU,C,,
02-Apr-26,16:10,EI119,Washington (IAD),IAD,Aer Lingus,A21N,EI-XLV,C,,
02-Apr-26,16:10,EI586,Malaga (AGP),AGP,Aer Lingus,A320,EI-DEM,C,,
02-Apr-26,16:15,FR204,London (STN),STN,Ryanair,B738,SP-RKV,C,,
02-Apr-26,16:20,AF1817,Paris (CDG),CDG,Air France,BCS3,F-HZUH,C,,
02-Apr-26,16:20,EI496,Faro (FAO),FAO,Aer Lingus,A320,EI-DEJ,C,,
02-Apr-26,16:20,FR122,London (LGW),LGW,Ryanair,B738,9H-QDR,C,,
02-Apr-26,16:25,EI736,Palma de Mallorca (PMI),PMI,Aer Lingus,A20N,EI-NSE,C,,
02-Apr-26,16:25,FR1976,Riga (RIX),RIX,Ryanair,B738,SP-RNS,C,,
02-Apr-26,16:25,FR5306,Kerry (KIR),KIR,Ryanair,B738,SP-RKH,C,,
02-Apr-26,16:30,FR666,Birmingham (BHX),BHX,Ryanair,B38M,EI-ILC,C,,
02-Apr-26,16:35,FR156,Leeds (LBA),LBA,Ryanair,B38M,9H-VVL,C,,
02-Apr-26,16:45,BA4469,London (LCY),LCY,British Airways,E190,G-LCAC,C,,
02-Apr-26,16:45,EI107,New York (JFK),JFK,Aer Lingus,A21N,EI-LRF,C,,
02-Apr-26,16:45,EI125,Chicago (ORD),ORD,Aer Lingus,A333,EI-EIN,E,,
02-Apr-26,16:45,EI137,Boston (BOS),BOS,Aer Lingus,A333,EI-FNG,E,,
02-Apr-26,16:55,FR126,London (LGW),LGW,Ryanair,B738,9H-QCF,C,,
02-Apr-26,17:00,FR5405,Murcia (RMU),RMU,Ryanair,B738,EI-DPP,C,,
02-Apr-26,17:05,TK1978,Istanbul (IST),IST,Turkish Airlines,B38M,TC-LCI,C,,
02-Apr-26,17:15,FR328,Bucharest (OTP),OTP,Ryanair,B38M,EI-IJD,C,,
02-Apr-26,17:20,EA3330,Exeter (EXT),EXT,Aer Lingus Regional,AT76,EI-GPO,B,,
02-Apr-26,17:20,KL1142,Amsterdam (AMS),AMS,KLM,E190,PH-EZG,C,,
02-Apr-26,17:25,FR8107,Reus (REU),REU,Ryanair,B738,SP-RKD,C,,
02-Apr-26,17:25,FR8111,Faro (FAO),FAO,Ryanair,B738,SP-RNP,C,,
02-Apr-26,17:30,EI176,London (LHR),LHR,Aer Lingus,A20N,EI-NSD,C,,
02-Apr-26,17:35,T2345,Vagar (FAE),FAE,West Air Sweden,75C,,C,,
02-Apr-26,17:40,FR9288,Brindisi (BDS),BDS,Ryanair,B38M,EI-IHM,C,,
02-Apr-26,17:40,LH981,Frankfurt (FRA),FRA,Lufthansa,A321,D-AISB,C,,
02-Apr-26,17:45,FR2971,Kaunas (KUN),KUN,Ryanair,B738,9H-QAR,C,,
02-Apr-26,17:45,FR3086,Venice (VCE),VCE,Ryanair,B38M,EI-IHC,C,,
02-Apr-26,17:45,FR3977,Barcelona (BCN),BCN,Ryanair,B738,EI-ESV,C,,
02-Apr-26,17:45,VL2519,Munich (MUC),MUC,Lufthansa City,A20N,D-AIJR,C,,
02-Apr-26,17:50,EI336,Berlin (BER),BER,Aer Lingus,A320,EI-DER,C,,
02-Apr-26,17:50,EA3308,Southampton (SOU),SOU,Aer Lingus Regional,AT76,EI-FAT,B,,
02-Apr-26,17:50,EI3556,Edinburgh (EDI),EDI,Aer Lingus,AT7,,B,,
02-Apr-26,17:50,FR446,Liverpool (LPL),LPL,Ryanair,B738,9H-QAS,C,,
02-Apr-26,17:50,FR3102,Amsterdam (AMS),AMS,Ryanair,B738,9H-QAL,C,,
02-Apr-26,17:50,N/A,Edinburgh (EDI),EDI,Aer Lingus Regional,AT76,EI-HPK,B,,
02-Apr-26,17:55,EI574,Alicante (ALC),ALC,Aer Lingus,A320,EI-EDP,C,,
02-Apr-26,18:00,AY1386,Helsinki (HEL),HEL,Finnair (Oneworld Livery),E190,OH-LKN,C,,
02-Apr-26,18:00,EI178,London (LHR),LHR,Aer Lingus,A20N,EI-NSH,C,,
02-Apr-26,18:00,EI638,Brussels (BRU),BRU,Aer Lingus,A320,EI-DEI,C,,
02-Apr-26,18:00,FR4266,Verona (VRN),VRN,Ryanair,B38M,EI-IGL,C,,
02-Apr-26,18:00,N/A,Malaga (AGP),AGP,Flexjet,E550,9H-ZFX,C,,
02-Apr-26,18:00,N/A,Nice (NCE),NCE,NetJets,CL60,CS-CLA,C,,
02-Apr-26,18:10,FR313,Stockholm (ARN),ARN,Ryanair,B738,EI-DLV,C,,
02-Apr-26,18:20,EI610,Amsterdam (AMS),AMS,Aer Lingus,A320,EI-GAL,C,,
02-Apr-26,18:25,FR7367,Vienna (VIE),VIE,Lauda Europe,A320,9H-LOA,C,,
02-Apr-26,18:30,EI528,Paris (CDG),CDG,Aer Lingus,A320,EI-EDS,C,,
02-Apr-26,18:30,EI3258,Edinburgh (EDI),EDI,Aer Lingus,AT7,,B,,
02-Apr-26,18:30,N/A,Edinburgh (EDI),EDI,Aer Lingus Regional,AT76,EI-HDK,B,,
02-Apr-26,18:30,N/A,Edinburgh (EDI),EDI,NetJets,GLEX,CS-GLD,C,,
02-Apr-26,18:35,DY1363,Oslo (OSL),OSL,Norwegian,B738,LN-NHA,C,,
02-Apr-26,18:35,FR1978,Lodz (LCJ),LCJ,Ryanair,B38M,EI-IHY,C,,
02-Apr-26,18:35,LX405,Zurich (ZRH),ZRH,Swiss,BCS1,HB-JBE,C,,
02-Apr-26,18:35,FX5201,London (STN),STN,FedEx,B763,N107FE,D,,
02-Apr-26,18:37,FR290,London (STN),STN,Ryanair,B738,9H-QFB,C,,
02-Apr-26,18:40,FR142,London (LGW),LGW,Ryanair,B38M,EI-HET,C,,
02-Apr-26,18:40,FR6187,Palma de Mallorca (PMI),PMI,Ryanair,B38M,9H-VUZ,C,,
02-Apr-26,18:50,BA833,London (LHR),LHR,British Airways,A20N,G-TTSG,C,,
02-Apr-26,18:50,EI276,Birmingham (BHX),BHX,Aer Lingus,A320,EI-DES,C,,
02-Apr-26,18:50,EA3408,Donegal (CFN),CFN,Aer Lingus Regional,AT76,EI-GZV,B,,
02-Apr-26,18:50,FR5432,Ibiza (IBZ),IBZ,Ryanair,B738,SP-RKM,C,,
02-Apr-26,18:50,TP1325,Lisbon (LIS),LIS,TAP Express,E195,CS-TAX,C,,
02-Apr-26,18:55,EI564,Barcelona (BCN),BCN,Aer Lingus,A320,EI-DVG,C,,
02-Apr-26,18:55,EY48,Abu Dhabi (AUH),AUH,Etihad Airways,B789,A6-BLQ,E,,
02-Apr-26,18:55,FR4285,Marseille (MRS),MRS,Ryanair,B738,EI-DPH,C,,
02-Apr-26,19:00,EI182,London (LHR),LHR,Aer Lingus,A20N,EI-NSG,C,,
02-Apr-26,19:05,FR1958,Nice (NCE),NCE,Ryanair,B738,SP-RND,C,,
02-Apr-26,19:05,FR5418,Berlin (BER),BER,Ryanair,B738,EI-EBV,C,,
02-Apr-26,19:05,SK2538,Copenhagen (CPH),CPH,SAS,A20N,EI-SCD,C,,
02-Apr-26,19:10,EA3328,Manchester (MAN),MAN,Aer Lingus Regional,AT76,EI-GPP,B,,
02-Apr-26,19:10,FR306,London (LGW),LGW,Ryanair,B38M,EI-HEN,C,,
02-Apr-26,19:15,AF1117,Paris (CDG),CDG,Air France,E190,F-HBLY,C,,
02-Apr-26,19:15,FR24,Paris (BVA),BVA,Ryanair,B38M,EI-IKW,C,,
02-Apr-26,19:15,FR3568,Santiago de Compostela (SCQ),SCQ,Ryanair,B738,SP-RKH,C,,
02-Apr-26,19:20,BA4473,London (LCY),LCY,British Airways,E190,G-LCYL,C,,
02-Apr-26,19:20,FR6921,Barcelona (BCN),BCN,Ryanair,B38M,EI-ILJ,C,,
02-Apr-26,19:30,EA3196,Liverpool (LPL),LPL,Aer Lingus Regional,AT76,EI-HPJ,B,,
02-Apr-26,19:30,FR7036,Girona (GRO),GRO,Ryanair,B38M,EI-ILC,C,,
02-Apr-26,19:30,FR7072,Porto (OPO),OPO,Ryanair,B738,SP-RKV,C,,
02-Apr-26,19:40,FR2030,Krakow (KRK),KRK,Ryanair,B38M,SP-RZV,C,,
02-Apr-26,19:45,EI109,New York (JFK),JFK,Aer Lingus,A21N,EI-LRD,C,,
02-Apr-26,19:45,LG4884,Luxembourg (LUX),LUX,Luxair,E295,LX-LEA,C,,
02-Apr-26,19:50,EW2775,Stuttgart (STR),STR,Eurowings,A320,D-AEWR,C,,
02-Apr-26,19:50,SK2566,Stockholm (ARN),ARN,SAS,32N,,C,,
02-Apr-26,19:55,TO7909,Paris (ORY),ORY,Transavia,B738,F-HUYB,C,,
02-Apr-26,19:55,5X207,London (STN),STN,UPS,B763,N345UP,D,,
02-Apr-26,20:00,FR211,London (STN),STN,Ryanair,B738,SP-RSQ,C,,
02-Apr-26,20:00,FR342,London (LTN),LTN,Ryanair,B738,9H-QBD,C,,
02-Apr-26,20:00,FR534,Nottingham (EMA),EMA,Ryanair,B738,EI-EBK,C,,
02-Apr-26,20:00,FR668,Birmingham (BHX),BHX,Ryanair,B38M,EI-HMW,C,,
02-Apr-26,20:05,FR98,Wroclaw (WRO),WRO,Ryanair,B38M,SP-RZN,C,,
02-Apr-26,20:10,BA4471,London (LCY),LCY,British Airways,E190,G-LCYM,C,,
02-Apr-26,20:10,FR1772,Valencia (VLC),VLC,Ryanair,B738,EI-EGD,C,,
02-Apr-26,20:15,FR5563,Glasgow (GLA),GLA,Ryanair,B738,9H-QDR,C,,
02-Apr-26,20:20,BA835,London (LHR),LHR,British Airways,A21N,G-TNED,C,,
02-Apr-26,20:35,FR9679,Seville (SVQ),SVQ,Ryanair,B738,9H-QCD,C,,
02-Apr-26,20:50,FR7156,Madrid (MAD),MAD,Ryanair,B738,9H-QAV,C,,
02-Apr-26,20:50,N/A,Leipzig (LEJ),LEJ,Titan Airways,A321,9H-ZTB,C,,
02-Apr-26,20:55,FR20,Newcastle (NCL),NCL,Ryanair,B38M,EI-IGF,C,,
02-Apr-26,20:55,FR816,Edinburgh (EDI),EDI,Ryanair,B738,9H-QAL,C,,
02-Apr-26,20:55,FR1556,Manchester (MAN),MAN,Ryanair,B738,EI-DLX,C,,
02-Apr-26,21:05,DN408,Bacau (BCM),BCM,Dan Air,A320,YR-JUL,C,,
02-Apr-26,21:05,FR7062,Alicante (ALC),ALC,Ryanair,B38M,EI-IJK,C,,
02-Apr-26,21:05,N/A,Nottingham (EMA),EMA,DHL,B738,EC-NUG,C,,
02-Apr-26,21:10,FR448,Liverpool (LPL),LPL,Ryanair,B738,EI-DCL,C,,
02-Apr-26,21:19,5X249,Cologne (CGN),CGN,UPS,B763,N364UP,D,,
02-Apr-26,21:25,FR634,Cardiff (CWL),CWL,Ryanair,B738,EI-EVJ,C,,
02-Apr-26,21:25,FR4844,Milan (BGY),BGY,Ryanair,B38M,EI-IKD,C,,
02-Apr-26,21:30,FR556,Manchester (MAN),MAN,Ryanair,B738,9H-QCF,C,,
02-Apr-26,21:40,FR1908,Gdansk (GDN),GDN,Ryanair,B738,SP-RKB,C,,
02-Apr-26,21:50,FR508,Bristol (BRS),BRS,Ryanair,B38M,EI-HGG,C,,
02-Apr-26,21:50,FR6395,Barcelona (BCN),BCN,Ryanair,B738,EI-GSI,C,,
02-Apr-26,22:00,EK164,Dubai (DXB),DXB,Emirates,B77W,A6-ENT,C,,
02-Apr-26,22:00,RK292,London (STN),STN,Ryanair,B38M,G-RYMA,C,,
02-Apr-26,22:00,5O4394,Paris (CDG),CDG,ASL Airlines,B738,F-HIQB,C,,
02-Apr-26,23:20,5F5712,Chisinau (RMO),RMO,FlyOne,A321,YR-FIB,C,,
02-Apr-26,23:35,FR457,Leeds (LBA),LBA,Ryanair,B38M,EI-ILK,C,,
02-Apr-26,23:50,FR1899,Manchester (MAN),MAN,Ryanair,B38M,EI-HMZ,C,,
02-Apr-26,23:50,H4252,Cluj-Napoca (CLJ),CLJ,HiSky,A320,YR-SUN,C,,
02-Apr-26,23:50,H4474,Chisinau (RMO),RMO,HiSky,A320,YR-SKY,C,,
03-Apr-26,02:20,LH8321,Frankfurt (FRA),FRA,Lufthansa Cargo,A321,D-AEUA,C,,
03-Apr-26,02:30,OJ301,Karlsruhe / Baden-Baden (FKB),FKB,NyxAir,AT75,ES-NTC,B,,
03-Apr-26,03:50,XM359,Maastricht (MST),MST,Zimex Aviation,AT72,HB-AFJ,B,,
03-Apr-26,04:40,5F5712,Chisinau (RMO),RMO,FlyOne,A321,YR-FIB,C,,
03-Apr-26,05:20,QY2888,Milan (MXP),MXP,DHL,B738,EC-IXO,C,,
03-Apr-26,05:28,5X248,Shannon (SNN),SNN,UPS,B763,N364UP,D,,
03-Apr-26,05:30,TP1327,Lisbon (LIS),LIS,TAP Express,E190,CS-TPT,C,,
03-Apr-26,05:35,TK1174,Istanbul (IST),IST,Turkish Airlines,B38M,TC-LCU,C,,
03-Apr-26,05:35,5O4294,Shannon (SNN),SNN,ASL Airlines,B738,F-HIQB,C,,
03-Apr-26,05:45,FR437,Reus (REU),REU,Ryanair,B738,SP-RNP,C,,
03-Apr-26,05:45,FR652,Lisbon (LIS),LIS,Ryanair,B38M,EI-IHM,C,,
03-Apr-26,05:45,FR884,Fuerteventura (FUE),FUE,Ryanair,B38M,EI-IHC,C,,
03-Apr-26,05:45,FR3669,Berlin (BER),BER,Ryanair,B38M,EI-IGL,C,,
03-Apr-26,05:45,FR4620,Dalaman (DLM),DLM,Ryanair,B38M,EI-HGP,C,,
03-Apr-26,05:45,FR5555,Tenerife (TFS),TFS,Ryanair,B38M,9H-VUQ,C,,
03-Apr-26,05:50,FR1984,Carcassonne (CCF),CCF,Ryanair,B38M,EI-IHY,C,,
03-Apr-26,05:50,FR5910,Lanzarote (ACE),ACE,Ryanair,B38M,EI-HEN,C,,
03-Apr-26,05:55,AF1017,Paris (CDG),CDG,Air France,BCS3,F-HZUM,C,,
03-Apr-26,05:55,FR1901,Krakow (KRK),KRK,Ryanair,B738,9H-QCS,C,,
03-Apr-26,05:55,KL1134,Amsterdam (AMS),AMS,KLM,B738,PH-BXV,C,,
03-Apr-26,06:00,FR46,Brussels (CRL),CRL,Ryanair,B738,SP-RKV,C,,
03-Apr-26,06:00,FR276,Glasgow (GLA),GLA,Ryanair,B738,SP-RKD,C,,
03-Apr-26,06:00,FR8130,Malaga (AGP),AGP,Ryanair,B738,9H-QFE,C,,
03-Apr-26,06:05,FR152,Leeds (LBA),LBA,Ryanair,B738,EI-DPN,C,,
03-Apr-26,06:05,FR808,Edinburgh (EDI),EDI,Ryanair,B738,SP-RND,C,,
03-Apr-26,06:05,LH983,Frankfurt (FRA),FRA,Lufthansa,A321,D-AIRN,C,,
03-Apr-26,06:10,FR7020,Santorini (JTR),JTR,Ryanair,B38M,EI-ILC,C,,
03-Apr-26,06:15,EI450,Naples (NAP),NAP,Aer Lingus,A320,EI-EDS,C,,
03-Apr-26,06:15,EI602,Amsterdam (AMS),AMS,Aer Lingus,A320,EI-DEH,C,,
03-Apr-26,06:15,FR943,Palma de Mallorca (PMI),PMI,Ryanair,B38M,EI-IJD,C,,
03-Apr-26,06:20,EI402,Rome (FCO),FCO,Aer Lingus,A320,EI-DVK,C,,
03-Apr-26,06:20,EI592,Madrid (MAD),MAD,Aer Lingus,A320,EI-DVN,C,,
03-Apr-26,06:20,FR1992,La Rochelle (LRH),LRH,Ryanair,B738,9H-QCJ,C,,
03-Apr-26,06:20,FR2192,Zagreb (ZAG),ZAG,Ryanair,B738,9H-QAD,C,,
03-Apr-26,06:25,EI3400,Donegal (CFN),CFN,Aer Lingus Regional,AT76,EI-HPJ,B,,
03-Apr-26,06:30,EI152,London (LHR),LHR,Aer Lingus,A20N,EI-NSB,C,,
03-Apr-26,06:30,EI262,Birmingham (BHX),BHX,Aer Lingus,A320,EI-DEM,C,,
03-Apr-26,06:30,EI202,Manchester (MAN),MAN,Aer Lingus,A320,EI-DEJ,C,,
03-Apr-26,06:30,FR30,London (STN),STN,Ryanair,B738,SP-RKH,C,,
03-Apr-26,06:35,EI3350,Newcastle (NCL),NCL,Aer Lingus Regional,AT76,EI-HPK,B,,
03-Apr-26,06:35,FR657,Brussels (BRU),BRU,Ryanair,B738,9H-QDR,C,,
03-Apr-26,06:35,FR5568,Rome (FCO),FCO,Ryanair,B738,SP-RSQ,C,,
03-Apr-26,06:35,N/A,Newcastle (NCL),NCL,Aer Lingus Regional,AT76,EI-HPK,B,,
03-Apr-26,06:40,EI332,Berlin (BER),BER,Aer Lingus,A320,EI-DVH,C,,
03-Apr-26,06:40,EI562,Barcelona (BCN),BCN,Aer Lingus,A20N,EI-NSD,C,,
03-Apr-26,06:40,EA3250,Edinburgh (EDI),EDI,Aer Lingus Regional,AT76,EI-FAT,B,,
03-Apr-26,06:40,EI3280,Bristol (BRS),BRS,Aer Lingus Regional,AT76,EI-GPN,B,,
03-Apr-26,06:45,EI520,Paris (CDG),CDG,Aer Lingus,A21N,EI-LRA,C,,
03-Apr-26,06:45,FR660,Birmingham (BHX),BHX,Ryanair,B38M,EI-ILJ,C,,
03-Apr-26,06:45,FR7030,Faro (FAO),FAO,Ryanair,B738,EI-EVJ,C,,
03-Apr-26,06:50,EI630,Brussels (BRU),BRU,Aer Lingus,A320,EI-DEP,C,,
03-Apr-26,06:50,EI692,Dusseldorf (DUS),DUS,Aer Lingus,A320,EI-DER,C,,
03-Apr-26,06:50,FR112,London (LGW),LGW,Ryanair,B38M,EI-HET,C,,
03-Apr-26,06:50,FR420,Amsterdam (AMS),AMS,Ryanair,B738,EI-DPP,C,,
03-Apr-26,06:50,FR1976,Riga (RIX),RIX,Ryanair,B738,EI-DLV,C,,
03-Apr-26,06:55,FR6875,Barcelona (BCN),BCN,Ryanair,B38M,EI-HMW,C,,
03-Apr-26,07:00,EI432,Milan (LIN),LIN,Aer Lingus,A320,EI-DEK,C,,
03-Apr-26,07:00,EI502,Bordeaux (BOD),BOD,Aer Lingus,A20N,EI-NSE,C,,
03-Apr-26,07:00,EI650,Frankfurt (FRA),FRA,Aer Lingus,A320,EI-DVG,C,,
03-Apr-26,07:00,EA3300,Southampton (SOU),SOU,Aer Lingus Regional,AT76,EI-GZV,B,,
03-Apr-26,07:00,FR504,Bristol (BRS),BRS,Ryanair,B38M,EI-IFW,C,,
03-Apr-26,07:00,FR7152,Santander (SDR),SDR,Ryanair,B38M,9H-VUZ,C,,
03-Apr-26,07:10,EI342,Zurich (ZRH),ZRH,Aer Lingus,A320,EI-DVI,C,,
03-Apr-26,07:10,EI660,Vienna (VIE),VIE,Aer Lingus,A320,EI-DVE,C,,
03-Apr-26,07:10,EI3390,Leeds (LBA),LBA,Aer Lingus Regional,AT76,EI-GPO,B,,
03-Apr-26,07:15,EI352,Munich (MUC),MUC,Aer Lingus,A21N,EI-LRG,C,,
03-Apr-26,07:15,EI762,Tenerife (TFS),TFS,Aer Lingus,A320,EI-EDP,C,,
03-Apr-26,07:20,EI580,Malaga (AGP),AGP,Aer Lingus,A333,EI-DUZ,E,,
03-Apr-26,07:20,EI780,Gran Canaria (LPA),LPA,Aer Lingus,A320,EI-GAM,C,,
03-Apr-26,07:20,EI3242,Aberdeen (ABZ),ABZ,Aer Lingus Regional,AT76,EI-HNA,B,,
03-Apr-26,07:20,N/A,Aberdeen (ABZ),ABZ,Aer Lingus Regional,AT76,EI-HNA,B,,
03-Apr-26,07:25,EI642,Prague (PRG),PRG,Aer Lingus,A320,EI-DEI,C,,
03-Apr-26,07:25,FR442,Liverpool (LPL),LPL,Ryanair,B738,9H-QDW,C,,
03-Apr-26,07:30,EI154,London (LHR),LHR,Aer Lingus,A20N,EI-NSG,C,,
03-Apr-26,07:30,EI492,Faro (FAO),FAO,Aer Lingus,A21N,EI-LRC,C,,
03-Apr-26,07:30,EI776,Lanzarote (ACE),ACE,Aer Lingus (Retro livery),A320,EI-DVM,C,,
03-Apr-26,07:30,EI3320,Manchester (MAN),MAN,Aer Lingus,AT7,,B,,
03-Apr-26,07:30,N/A,Manchester (MAN),MAN,Aer Lingus Regional,AT76,EI-GPP,B,,
03-Apr-26,07:40,EI422,Venice (VCE),VCE,Aer Lingus,A320,EI-GAL,C,,
03-Apr-26,07:40,EI672,Budapest (BUD),BUD,Aer Lingus,A320,EI-FNJ,C,,
03-Apr-26,07:40,FR562,Manchester (MAN),MAN,Ryanair,B38M,EI-HEY,C,,
03-Apr-26,07:40,FR632,Copenhagen (CPH),CPH,Ryanair,B38M,EI-IHX,C,,
03-Apr-26,07:50,EA3550,Edinburgh (EDI),EDI,Aer Lingus Regional,AT76,EI-HDK,B,,
03-Apr-26,07:55,FR22,Paris (BVA),BVA,Ryanair,B38M,EI-IGO,C,,
03-Apr-26,07:55,FR114,London (LGW),LGW,Ryanair,B738,SP-RKM,C,,
03-Apr-26,07:55,FR162,Rabat (RBA),RBA,Ryanair,B738,EI-EKS,C,,
03-Apr-26,08:00,FR495,Madrid (MAD),MAD,Ryanair,B738,9H-QAW,C,,
