stand_id,pier,terminal,icao_cat_max,has_airbridge,cbp_eligible,mars_condition,mars_family_id,stand_type
107C,Pier 1,T1,F,NO,NO,"STANDS 107L, 107R VACANT",MARS-107,CONTACT
107L,Pier 1,T1,D,NO,NO,,MARS-107,CONTACT
107R,Pier 1,T1,D,NO,NO,,MARS-107,CONTACT
108C,Pier 1,T1,F,NO,NO,"STANDS 108L, 108R VACANT",MARS-108,CONTACT
108L,Pier 1,T1,D,NO,NO,,MARS-108,CONTACT
108R,Pier 1,T1,D,NO,NO,,MARS-108,CONTACT
109C,Pier 1,T1,F,NO,NO,"STANDS 109L, 109R VACANT",MARS-109,CONTACT
109L,Pier 1,T1,D,NO,NO,,MARS-109,CONTACT
109R,Pier 1,T1,D,NO,NO,,MARS-109,CONTACT
110C,Pier 1,T1,F,NO,NO,"STANDS 110L, 110R VACANT",MARS-110,CONTACT
110L,Pier 1,T1,D,NO,NO,,MARS-110,CONTACT
110R,Pier 1,T1,D,NO,NO,,MARS-110,CONTACT
111C,Pier 1,T1,F,NO,NO,"STANDS 111L, 111R VACANT",MARS-111,CONTACT
111L,Pier 1,T1,D,NO,NO,,MARS-111,CONTACT
111R,Pier 1,T1,D,NO,NO,,MARS-111,CONTACT
120C,Pier 1,T1,E,NO,NO,"STANDS 120L, 120R VACANT",MARS-120,CONTACT
120L,Pier 1,T1,C,NO,NO,,MARS-120,CONTACT
120R,Pier 1,T1,C,NO,NO,,MARS-120,CONTACT
121,Pier 1,T1,D,NO,NO,,,CONTACT
121L,Pier 1,T1,D,NO,NO,,,CONTACT
122,Pier 1,T1,D,NO,NO,,,CONTACT
123,Pier 1,T1,D,NO,NO,,,CONTACT
124,Pier 1,T1,D,NO,NO,,,CONTACT
125,Pier 1,T1,D,NO,NO,,,CONTACT
126,Pier 1,T1,D,NO,NO,,,CONTACT
127,Pier 1,T1,D,NO,NO,,,CONTACT
200C,Pier 2,T1,D,NO,NO,,,CONTACT
200L,Pier 2,T1,D,NO,NO,,,CONTACT
200R,Pier 2,T1,D,NO,NO,,,CONTACT
200T,Pier 2,T1,D,NO,NO,,,CONTACT
201,Pier 2,T1,D,NO,NO,,,CONTACT
202,Pier 2,T1,D,NO,NO,,,CONTACT
203C,Pier 2,T1,E,NO,NO,"STANDS 203L, 203R VACANT",MARS-203,CONTACT
203L,Pier 2,T1,D,NO,NO,,MARS-203,CONTACT
203R,Pier 2,T1,D,NO,NO,,MARS-203,CONTACT
205L,Pier 2,T1,D,NO,NO,,MARS-205,CONTACT
205R,Pier 2,T1,C,NO,NO,,MARS-205,CONTACT
205T,Pier 2,T1,E,NO,NO,"STANDS 205L, 205R VACANT",MARS-205,CONTACT
206T,Pier 2,T1,C,NO,NO,,,CONTACT
207T,Pier 2,T1,C,NO,NO,,,CONTACT
311C,Pier 3,T1/T2 Shared,D,YES,NO,"STAND 311L, 311R VACANT",MARS-311,CONTACT
311L,Pier 3,T1/T2 Shared,C,NO,NO,,MARS-311,CONTACT
311R,Pier 3,T1/T2 Shared,D,YES,NO,,MARS-311,CONTACT
312,Pier 3,T1/T2 Shared,D,YES,NO,,,CONTACT
313C,Pier 3,T1/T2 Shared,F,YES,NO,"STAND 313L, 313R VACANT",MARS-313,CONTACT
313L,Pier 3,T1/T2 Shared,D,NO,NO,,MARS-313,CONTACT
313R,Pier 3,T1/T2 Shared,C,NO,NO,,MARS-313,CONTACT
314,Pier 3,T1/T2 Shared,E,YES,NO,,,CONTACT
315C,Pier 3,T1/T2 Shared,F,YES,NO,"STAND 315L, 315R VACANT",MARS-315,CONTACT
315L,Pier 3,T1/T2 Shared,C,NO,NO,,MARS-315,CONTACT
315R,Pier 3,T1/T2 Shared,C,NO,NO,,MARS-315,CONTACT
316,Pier 3,T1/T2 Shared,F,YES,NO,STAND 317 VACANT,MARS-316,CONTACT
317,Pier 3,T1/T2 Shared,E,YES,NO,STAND 316 VACANT,MARS-317,CONTACT
318C,Pier 3,T1/T2 Shared,E,YES,NO,"STANDS 318L, 318R VACANT",MARS-318,CONTACT
318L,Pier 3,T1/T2 Shared,D,YES,NO,,MARS-318,CONTACT
318R,Pier 3,T1/T2 Shared,D,YES,NO,,MARS-318,CONTACT
400C,Pier 4,T2,F,YES,NO,"STANDS 400L, 400R VACANT",MARS-400,CONTACT
400L,Pier 4,T2,D,YES,NO,,MARS-400,CONTACT
400R,Pier 4,T2,D,YES,NO,,MARS-400,CONTACT
401C,Pier 4,T2,F,YES,YES,"STANDS 401L, 401R VACANT",MARS-401,CONTACT
401L,Pier 4,T2,D,YES,YES,,MARS-401,CONTACT
401R,Pier 4,T2,D,YES,NO,,MARS-401,CONTACT
402C,Pier 4,T2,F,YES,YES,"STANDS 402L, 402R VACANT",MARS-402,CONTACT
402L,Pier 4,T2,D,YES,YES,,MARS-402,CONTACT
402R,Pier 4,T2,D,YES,NO,,MARS-402,CONTACT
403C,Pier 4,T2,F,YES,YES,"STANDS 403L, 403R VACANT",MARS-403,CONTACT
403L,Pier 4,T2,D,YES,YES,,MARS-403,CONTACT
403R,Pier 4,T2,D,YES,NO,,MARS-403,CONTACT
404C,Pier 4,T2,F,YES,NO,"STANDS 404L, 404R VACANT",MARS-404,CONTACT
404L,Pier 4,T2,D,YES,NO,,MARS-404,CONTACT
404R,Pier 4,T2,C,YES,NO,,MARS-404,CONTACT
405T,Pier 4,T2,D,YES,NO,,,CONTACT
406A,Pier 4,T2,D,YES,NO,,MARS-406,CONTACT
406B,Pier 4,T2,D,YES,YES,,MARS-406,CONTACT
406C,Pier 4,T2,F,YES,YES,"STANDS 406A, 406B VACANT",MARS-406,CONTACT
407C,Pier 4,T2,F,YES,YES,"STANDS 407L, 407R VACANT",MARS-407,CONTACT
407L,Pier 4,T2,C,YES,NO,,MARS-407,CONTACT
407R,Pier 4,T2,D,YES,YES,,MARS-407,CONTACT
408C,Pier 4,T2,F,YES,YES,"STANDS 408L, 408R VACANT",MARS-408,CONTACT
408L,Pier 4,T2,D,YES,NO,,MARS-408,CONTACT
408R,Pier 4,T2,D,YES,YES,,MARS-408,CONTACT
409C,Pier 4,T2,E,YES,YES,"STANDS 409L, 409R VACANT",MARS-409,CONTACT
409L,Pier 4,T2,D,YES,YES,,MARS-409,CONTACT
409R,Pier 4,T2,D,YES,NO,,MARS-409,CONTACT
105L,Central Apron,T1,C,NO,NO,,,REMOTE
105R,Central Apron,T1,C,NO,NO,,,REMOTE
106,Central Apron,T1,D,NO,NO,,,REMOTE
118R,Central Apron,T1,C,NO,NO,,,REMOTE
119C,Central Apron,T1,E,NO,NO,,,REMOTE
119L,Central Apron,T1,C,NO,NO,,,REMOTE
119R,Central Apron,T1,C,NO,NO,,,REMOTE
137A,Central Apron,T1,C,NO,NO,,MARS-137,REMOTE
137B,Central Apron,T1,C,NO,NO,,MARS-137,REMOTE
137T,Central Apron,T1,E,NO,NO,"STANDS 137A, 137B VACANT",MARS-137,REMOTE
138L,Central Apron,T1,C,NO,NO,,,REMOTE
138R,Central Apron,T1,C,NO,NO,,,REMOTE
138S,Central Apron,T1,C,NO,NO,,,REMOTE
138T,Central Apron,T1,D,NO,NO,,,REMOTE
139L,Central Apron,T1,C,NO,NO,,,REMOTE
139R,Central Apron,T1,C,NO,NO,,,REMOTE
139S,Central Apron,T1,C,NO,NO,,,REMOTE
139T,Central Apron,T1,D,NO,NO,,,REMOTE
140L,Central Apron,T1,C,NO,NO,,,REMOTE
140R,Central Apron,T1,C,NO,NO,,,REMOTE
140S,Central Apron,T1,C,NO,NO,,,REMOTE
140T,Central Apron,T1,D,NO,NO,,,REMOTE
141L,Central Apron,T1,C,NO,NO,,,REMOTE
141R,Central Apron,T1,C,NO,NO,,,REMOTE
141S,Central Apron,T1,C,NO,NO,,,REMOTE
141T,Central Apron,T1,D,NO,NO,,,REMOTE
142L,Central Apron,T1,C,NO,NO,,,REMOTE
142R,Central Apron,T1,C,NO,NO,,,REMOTE
142S,Central Apron,T1,C,NO,NO,,,REMOTE
142T,Central Apron,T1,D,NO,NO,,,REMOTE
144C,Central Apron,T1,E,NO,NO,"STANDS 144L, 144R VACANT",MARS-144,REMOTE
144L,Central Apron,T1,C,NO,NO,,MARS-144,REMOTE
144R,Central Apron,T1,C,NO,NO,,MARS-144,REMOTE
145,Central Apron,T1,D,NO,NO,,,REMOTE
220S,Central Apron,T1,C,NO,NO,,,REMOTE
221,Central Apron,T1,C,NO,NO,,,REMOTE
222,Central Apron,T1,C,NO,NO,,,REMOTE
223,Central Apron,T1,C,NO,NO,,,REMOTE
50C,North Apron,T1,F,NO,NO,"STANDS 50L, 50R VACANT",MARS-50,REMOTE
50L,North Apron,T1,D,NO,NO,,MARS-50,REMOTE
50R,North Apron,T1,D,NO,NO,,MARS-50,REMOTE
51C,North Apron,T1,F,NO,NO,"STANDS 51L, 51R VACANT",MARS-51,REMOTE
51L,North Apron,T1,D,NO,NO,,MARS-51,REMOTE
51R,North Apron,T1,D,NO,NO,,MARS-51,REMOTE
52,North Apron,T1,D,NO,NO,,,REMOTE
53,North Apron,T1,D,NO,NO,,,REMOTE
411C,South Apron,T2,E,NO,NO,"STANDS 411L, 411R, 411T VACANT",MARS-411,SATELLITE
411L,South Apron,T2,C,NO,NO,,MARS-411,SATELLITE
411R,South Apron,T2,C,NO,NO,,MARS-411,SATELLITE
411T,South Apron,T2,E,NO,NO,"STANDS 411L, 411C, 411R VACANT",MARS-411,SATELLITE
412,South Apron,T2,C,NO,NO,,,SATELLITE
413,South Apron,T2,C,NO,NO,,,SATELLITE
414,South Apron,T2,C,NO,NO,,,SATELLITE
415,South Apron,T2,D,NO,NO,,,SATELLITE
416,South Apron,T2,D,NO,NO,,,SATELLITE
417,South Apron,T2,D,NO,NO,,,SATELLITE
418,South Apron,T2,D,NO,NO,,,SATELLITE
605A,West Apron,Cargo,D,NO,NO,,,REMOTE
605B,West Apron,Cargo,D,NO,NO,,,REMOTE
606,West Apron,Cargo,D,NO,NO,,,REMOTE
607,West Apron,Cargo,C,NO,NO,,,REMOTE
614C,West Apron,Cargo,E,NO,NO,"STANDS 614L, 614R VACANT",MARS-614,REMOTE
614L,West Apron,Cargo,D,NO,NO,,MARS-614,REMOTE
614R,West Apron,Cargo,D,NO,NO,,MARS-614,REMOTE
615C,West Apron,Cargo,E,NO,NO,"STANDS 615L, 615R VACANT",MARS-615,REMOTE
615L,West Apron,Cargo,D,NO,NO,,MARS-615,REMOTE
615R,West Apron,Cargo,D,NO,NO,,MARS-615,REMOTE
616C,West Apron,Cargo,E,NO,NO,"STANDS 616L, 616R VACANT",MARS-616,REMOTE
616L,West Apron,Cargo,D,NO,NO,,MARS-616,REMOTE
616R,West Apron,Cargo,D,NO,NO,,MARS-616,REMOTE
617C,West Apron,Cargo,E,NO,NO,"STANDS 617L, 617R VACANT",MARS-617,REMOTE
617L,West Apron,Cargo,D,NO,NO,,MARS-617,REMOTE
617R,West Apron,Cargo,D,NO,NO,,MARS-617,REMOTE
618C,West Apron,Cargo,F,NO,NO,"STANDS 618L, 618R VACANT",MARS-618,REMOTE
618L,West Apron,Cargo,E,NO,NO,,MARS-618,REMOTE
618R,West Apron,Cargo,D,NO,NO,,MARS-618,REMOTE
619C,West Apron,Cargo,F,NO,NO,"STANDS 619L, 619R VACANT",MARS-619,REMOTE
619L,West Apron,Cargo,D,NO,NO,,MARS-619,REMOTE
619R,West Apron,Cargo,D,NO,NO,,MARS-619,REMOTE
620C,West Apron,Cargo,F,NO,NO,"STANDS 620L, 620R VACANT",MARS-620,REMOTE
620L,West Apron,Cargo,D,NO,NO,,MARS-620,REMOTE
620R,West Apron,Cargo,D,NO,NO,,MARS-620,REMOTE
621C,West Apron,Cargo,F,NO,NO,"STANDS 621L, 621R VACANT",MARS-621,REMOTE
621L,West Apron,Cargo,D,NO,NO,,MARS-621,REMOTE
621R,West Apron,Cargo,D,NO,NO,,MARS-621,REMOTE
